unit,supplier,trade_name,value,date,category,establishment
Fortaleza,CL9 TECNOLOGIAS LTDA,CL9 TECNOLOGIAS LTDA,190.0,01/05/2026,servicos,- FORTALEZA
Cocalinho,LTDA -,,2000.0,01/05/2026,outros,LTDA - COCALINHO
Fortaleza,AZUL LINHAS AEREAS BRASILEIRAS,AZUL LINHAS AEREAS BRASILEIRAS,993.27,01/05/2026,transporte,- FORTALEZA
Cocalinho,LTDA -,AUTO POSTO KARAJAS,430.57,01/05/2026,combustivel,LTDA - COCALINHO
Não identificada,MABELY,MABELY,449.0,01/05/2026,outros,
Luís Gomes,RENOVOLTDA -,PADARIA RENOVO,104.0,01/05/2026,alimentos,RENOVOLTDA - LUIS GOMES
Luís Gomes,OVOS          LTDA -,UNA OVOS,570.0,01/05/2026,alimentos,OVOS          LTDA - LUIS GOMES
Não identificada,INDUSTRIA E COMERCIO DE DOCES VALE VERDE,INDUSTRIA E COMERCIO DE DOCES VALE VERDE,1578.43,01/05/2026,outros,
Maranguape,SUPERMERCADO NIDOBOX,SUPERMERCADO NIDOBOX,33.99,01/05/2026,alimentos,- MARANGUAPE
Maranguape,LTDA -,VAREJAO DA CONSTRUÇAO,9.0,01/05/2026,alimentos,LTDA - MARANGUAPE
Não identificada,SANTOS,WMA HORTALIÇAS,2823.5,01/05/2026,alimentos,SANTOS
Maranguape,LTDA - ATACADO E VAREJO,TR ALIMENTOS DISTRIBUIDORA ATACADO E VAR,1800.0,01/05/2026,alimentos,LTDA - MARANGUAPEATACADO E VAREJO
Maranguape,LTDA -,VAREJAO DA CONSTRUÇAO,90.0,01/05/2026,alimentos,LTDA - MARANGUAPE
Não identificada,EMBALAGENS LTDA,EFICAZ ATACADO DA LIMPEZA E EMBALAGENS L,1131.09,01/05/2026,alimentos,EMBALAGENS LTDA
Não identificada,CAMPOLTDAGRANDE,H C INDUSTRIA DE ALIMENTOS LTDA,1229.69,01/05/2026,alimentos,- CAMPOLTDAGRANDE
Cocalinho,LTDA -,,1707.1,01/05/2026,outros,LTDA - COCALINHO
Cocalinho,LTDA -,,674.11,01/05/2026,outros,LTDA - COCALINHO
Maranguape,PANIFICADORA SANTA TEREZINHA,PANIFICADORA SANTA TEREZINHA,156.0,01/05/2026,alimentos,MARANGUAPE
Não identificada,LTDA,EDUARDO WOLPP VIEIRA LTDA,1392.97,01/05/2026,pessoa_fisica,LTDA
Cocalinho,LTDA -,jose eduardo Da costa,4500.0,01/05/2026,pessoa_fisica,LTDA - COCALINHO
Cocalinho,DE BORBA  LTDA -,,4000.0,01/05/2026,outros,DE BORBA  LTDA - COCALINHO
Não identificada,LTDA,SUPERGASBRAS ENERGIA LTDA,7695.0,01/05/2026,energia,LTDA
Cocalinho,SAO LUIZ LTDA -,MEGA SAO LUIZ,312.05,01/05/2026,alimentos,SAO LUIZ LTDA - COCALINHO
Não identificada,R. DIAS LEITE COMERCIO,SUPERMERCADO VITORIA R. DIAS LEITE COMER,98.97,01/05/2026,alimentos,R. DIAS LEITE COMERCIO
Cocalinho,LTDA -,TIAGO DA MATA COUTINHO,150.0,01/05/2026,outros,LTDA - COCALINHO
Cocalinho,LTDA -,TIAGO DA MATA COUTINHO,150.0,01/05/2026,outros,LTDA - COCALINHO
Não identificada,NORDESTE,CHURASCARIA SABOR DO NORDESTE,26.0,01/05/2026,outros,NORDESTE
Não identificada,NORDESTE,CHURASCARIA SABOR DO NORDESTE,26.0,01/05/2026,outros,NORDESTE
Campo Grande,NET      LTDA -,DIGITAL NET,209.9,01/05/2026,servicos,NET      LTDA - CAMPO GRANDE
Não identificada,GRANDE,BORRACHARIA E LAVA JATO ESMERALDA,200.0,01/05/2026,servicos,GRANDE
Campo Grande,EMBALAGENS  LTDA -,ELITE EMBALAGENS,280.38,01/05/2026,alimentos,EMBALAGENS  LTDA - CAMPO GRANDE
Ipaumirim,AUTO POSTO BOM PREÇO,AUTO POSTO BOM PREÇO,329.15,01/05/2026,combustivel,- IPAUMIRIM
Não identificada,LTDA GRANDE,POSTO KATIA LOCATELLI LTDA,200.0,01/05/2026,combustivel,LTDA GRANDE
Não identificada,LTDA GRANDE,POSTO KATIA LOCATELLI LTDA,200.0,01/05/2026,combustivel,LTDA GRANDE
Campo Grande,CAR -SA,LOCALIZA,4410.4,01/05/2026,transporte,CAR -SACAMPO GRANDE
Luís Gomes,CAR -SA,LOCALIZA,4109.62,01/05/2026,transporte,CAR -SALUIS GOMES
Luís Gomes,CAR -SA,LOCALIZA,4109.62,01/05/2026,transporte,CAR -SALUIS GOMES
Luís Gomes,CAR -SA,LOCALIZA,4109.62,01/05/2026,transporte,CAR -SALUIS GOMES
Cocalinho,TECH LTDA -,GASTRO TECH,75.0,02/05/2026,energia,TECH LTDA - COCALINHO
Não identificada,COMERCIO VAREJISTA,SUPERMECADO AVENIDA COMERCIO VAREJISTA,9594.1,02/05/2026,alimentos,COMERCIO VAREJISTA
Cocalinho,LTDA -,AUTO POSTO KARAJAS,299.62,02/05/2026,combustivel,LTDA - COCALINHO
Cocalinho,INDUSTRIAL LTDA -,JB CARNES,19494.13,02/05/2026,alimentos,INDUSTRIAL LTDA - COCALINHO
Cocalinho,SAO LUIZ LTDA -,MEGA SAO LUIZ,1583.26,02/05/2026,alimentos,SAO LUIZ LTDA - COCALINHO
Não identificada,GRANDE,ESTANCIA JOIA COMERCIO DE HORTIFRUT,3109.31,02/05/2026,alimentos,GRANDE
Não identificada,CERTO LTDA,SUPER MERCADO COMPRE CERTO LTDA,17.04,02/05/2026,outros,CERTO LTDA
Fortaleza,LTDA -,BODEGAO ATACAREJO,3694.1,02/05/2026,alimentos,LTDA - FORTALEZA
Maranguape,CAROA INDUSTRIAL LTDA -,CAROA,826.5,02/05/2026,outros,CAROA INDUSTRIAL LTDA - MARANGUAPE
Maranguape,LTDA.,J. E. COMERCIO DE EMBALAGENS LTDA.,119.37,02/05/2026,alimentos,- MARANGUAPELTDA.
Maranguape,PANIFICADORA SANTA TEREZINHA,PANIFICADORA SANTA TEREZINHA,156.0,02/05/2026,alimentos,MARANGUAPE
Cocalinho,LTDA -,,2020.15,02/05/2026,outros,LTDA - COCALINHO
Não identificada,SANTOS,WMA HORTALIÇAS,2840.0,02/05/2026,alimentos,SANTOS
Luís Gomes,RONICLEI MARTINS DUARTE,RONICLEI MARTINS DUARTE,1254.0,02/05/2026,pessoa_fisica,- LUIS GOMES
Ipaumirim,AUTO POSTO BOM PREÇO,AUTO POSTO BOM PREÇO,281.77,02/05/2026,combustivel,- IPAUMIRIM
Não identificada,DE CONSTRUÇÃO LTDA,DIMACOL ( DIJALMA MATERIAS DE CONSTRUÇÃO,20.0,02/05/2026,outros,DE CONSTRUÇÃO LTDA
Luís Gomes,ZARUR LTDA -,POSTO ZARUR,100.0,02/05/2026,combustivel,ZARUR LTDA - LUIS GOMES
Maranguape,PROGRESSO LTDA -,POSTO PROGRESSO,115.0,02/05/2026,combustivel,PROGRESSO LTDA - MARANGUAPE
Maranguape,LTDA -,VAREJAO DA CONSTRUÇAO,16.0,02/05/2026,alimentos,LTDA - MARANGUAPE
Não identificada,CERTO LTDA,SUPER MERCADO COMPRE CERTO LTDA,140.02,02/05/2026,outros,CERTO LTDA
Não identificada,DOS SANTOS,FRANCISCO ANTONIO PEREIRA DOS SANTOS,760.0,02/05/2026,pessoa_fisica,DOS SANTOS
Maranguape,BRASIL LTDA -,POSTO BRASIL,261.1,02/05/2026,combustivel,BRASIL LTDA - MARANGUAPE
Não identificada,DE CONSTRUÇÃO LTDA,DIMACOL ( DIJALMA MATERIAS DE CONSTRUÇÃO,20.0,02/05/2026,outros,DE CONSTRUÇÃO LTDA
Não identificada,LTDA GRANDE,POSTO KATIA LOCATELLI LTDA,200.0,02/05/2026,combustivel,LTDA GRANDE
Não identificada,LTDA GRANDE,POSTO KATIA LOCATELLI LTDA,200.0,02/05/2026,combustivel,LTDA GRANDE
Não identificada,LTDA GRANDE,POSTO KATIA LOCATELLI LTDA,200.0,02/05/2026,combustivel,LTDA GRANDE
Cocalinho,LTDA -,DOC. FISCAL PEDAGIO,20.0,02/05/2026,servicos,LTDA - COCALINHO
Fortaleza,LTDA -,EXPRESSO GUANABARA,205.72,03/05/2026,transporte,LTDA - FORTALEZA
Fortaleza,LTDA -,EXPRESSO GUANABARA,86.39,03/05/2026,transporte,LTDA - FORTALEZA
Cocalinho,LTDA -,AUTO POSTO KARAJAS,463.05,03/05/2026,combustivel,LTDA - COCALINHO
Fortaleza,MARINA LTDA -,POSTO MARINA,514.48,03/05/2026,combustivel,MARINA LTDA - FORTALEZA
Cocalinho,PANIFICADORA PAO GOSTOSO,PANIFICADORA PAO GOSTOSO,1600.0,03/05/2026,alimentos,- COCALINHO
Não identificada,DE ALIMENTOS SA,NOVO ATACADO COMERCIO DE ALIMENTOS SA,239.84,03/05/2026,alimentos,DE ALIMENTOS SA
Luís Gomes,ZARUR LTDA -,POSTO ZARUR,242.01,03/05/2026,combustivel,ZARUR LTDA - LUIS GOMES
Luís Gomes,ZARUR LTDA -,POSTO ZARUR,250.0,03/05/2026,combustivel,ZARUR LTDA - LUIS GOMES
Maranguape,PANIFICADORA SANTA TEREZINHA,PANIFICADORA SANTA TEREZINHA,132.0,03/05/2026,alimentos,MARANGUAPE
Maranguape,PROGRESSOLTDA -,POSTO PROGRESSO,314.3,03/05/2026,combustivel,PROGRESSOLTDA - MARANGUAPE
Maranguape,PROGRESSOLTDA -,POSTO PROGRESSO,197.92,03/05/2026,combustivel,PROGRESSOLTDA - MARANGUAPE
Cocalinho,LTDA -,AUTO POSTO KARAJAS,675.9,03/05/2026,combustivel,LTDA - COCALINHO
Não identificada,SEGUNDO,JOSIVAN OLIVEIRA SOUZA SEGUNDO,60.0,04/05/2026,pessoa_fisica,SEGUNDO
Fortaleza,LTDA -,GM AR CONDICIONADOS,100.0,04/05/2026,servicos,LTDA - FORTALEZA
Cocalinho,SAO LUIZ LTDA -,MEGA SAO LUIZ,133.0,04/05/2026,alimentos,SAO LUIZ LTDA - COCALINHO
Fortaleza,INDUSTRIAL LTDA -,BRF S.A,209.84,04/05/2026,alimentos,INDUSTRIAL LTDA - FORTALEZA
Fortaleza,INDUSTRIAL LTDA -,BRF S.A,730.22,04/05/2026,alimentos,INDUSTRIAL LTDA - FORTALEZA
Fortaleza,INDUSTRIAL LTDA -,BRF S.A,940.06,04/05/2026,alimentos,INDUSTRIAL LTDA - FORTALEZA
Não identificada,LTDA,GERARDOS DISTRIBUIDORA LTDA,5361.1,04/05/2026,alimentos,LTDA
Luís Gomes,RENOVOLTDA -,PADARIA RENOVO,741.0,04/05/2026,alimentos,RENOVOLTDA - LUIS GOMES
Luís Gomes,RENOVOLTDA -,PADARIA RENOVO,162.0,04/05/2026,alimentos,RENOVOLTDA - LUIS GOMES
Luís Gomes,RENOVOLTDA -,PADARIA RENOVO,351.0,04/05/2026,alimentos,RENOVOLTDA - LUIS GOMES
Luís Gomes,WALMOR SORVETES E GELADOS,WALMOR SORVETES E GELADOS,736.0,04/05/2026,alimentos,LUIS GOMES
Não identificada,MABELY,MABELY,276.0,04/05/2026,outros,
Fortaleza,IRACILDA DE LIMA ROSSAS,IRACILDA DE LIMA ROSSAS,211.2,04/05/2026,pessoa_fisica,- FORTALEZA
Fortaleza,IRACILDA DE LIMA ROSSAS,IRACILDA DE LIMA ROSSAS,37.1,04/05/2026,pessoa_fisica,- FORTALEZA
Ipaumirim,OVOS       LTDA -,CAJÁ OVOS,1683.0,04/05/2026,alimentos,OVOS       LTDA - IPAUMIRIM
Fortaleza,DISTRIBUIDORALTDA -,MDL DISTRIBUIDORA,3456.0,04/05/2026,alimentos,DISTRIBUIDORALTDA - FORTALEZA
Ipaumirim,WALMOR SORVETES E GELADOS,WALMOR SORVETES E GELADOS,720.0,04/05/2026,alimentos,IPAUMIRIM
Cocalinho,SAO LUIZ LTDA -,MEGA SAO LUIZ,1583.28,04/05/2026,alimentos,SAO LUIZ LTDA - COCALINHO
Fortaleza,INDUSTRIAIS,STOCK COMERCIO DE EQUIPAMENTOS INDUSTRIA,67.76,04/05/2026,servicos,- FORTALEZA    INDUSTRIAIS
Ipaumirim,FRUTAS LTDA -,TARCIO FRUTAS,6785.0,04/05/2026,alimentos,FRUTAS LTDA - IPAUMIRIM
Cocalinho,SAO LUIZ LTDA -,MEGA SAO LUIZ,687.78,04/05/2026,alimentos,SAO LUIZ LTDA - COCALINHO
Cocalinho,SAO LUIZ LTDA -,MEGA SAO LUIZ,190.0,04/05/2026,alimentos,SAO LUIZ LTDA - COCALINHO
Não identificada,MABELY,MABELY,240.0,04/05/2026,outros,
Cocalinho,PANIFICADORA PAO GOSTOSO,PANIFICADORA PAO GOSTOSO,120.0,04/05/2026,alimentos,- COCALINHO
Cocalinho,PANIFICADORA PAO GOSTOSO,PANIFICADORA PAO GOSTOSO,2000.0,04/05/2026,alimentos,- COCALINHO
Não identificada,GRANDE,H C INDUSTRIA DE ALIMENTOS LTDA,1639.58,04/05/2026,alimentos,GRANDE
Campo Grande,OGACIR GUTIERRES LEITE,OGACIR GUTIERRES LEITE,80.0,04/05/2026,outros,- CAMPO GRANDE
Não identificada,COMERCIO VAREJISTA,SUPERMECADO AVENIDA COMERCIO VAREJISTA,3708.94,04/05/2026,alimentos,COMERCIO VAREJISTA
Maranguape,VALDEMIR LIMA DA COSTA,VALDEMIR LIMA DA COSTA,394.55,04/05/2026,pessoa_fisica,- MARANGUAPE
Campo Grande,JOSE MARCELO DA SILVA,JOSE MARCELO DA SILVA,200.0,04/05/2026,pessoa_fisica,- CAMPO GRANDE
Não identificada,COMERCIO VAREJISTA,SUPERMECADO AVENIDA COMERCIO VAREJISTA,260.0,04/05/2026,alimentos,COMERCIO VAREJISTA
Ipaumirim,RENO     LTDA -,BRUNO RENO,450.0,04/05/2026,pessoa_fisica,RENO     LTDA - IPAUMIRIM
Não identificada,GOMES LTDA,VO ITA FRIOS,3748.23,04/05/2026,alimentos,GOMES LTDA
Não identificada,GOMES LTDA,VO ITA FRIOS,266.41,04/05/2026,alimentos,GOMES LTDA
Ipaumirim,LTDA -,HORTIFRUTI PAI ETERNO,1360.0,04/05/2026,alimentos,LTDA - IPAUMIRIM
Não identificada,GOMES LTDA,VO ITA FRIOS,3123.01,04/05/2026,alimentos,GOMES LTDA
Não identificada,GOMES LTDA,VO ITA FRIOS,11566.97,04/05/2026,alimentos,GOMES LTDA
Fortaleza,MILLENNUM LTDA -,POSTO MILLENNUM,226.77,04/05/2026,combustivel,MILLENNUM LTDA - FORTALEZA
Não identificada,MABELY,MABELY,5555.5,04/05/2026,outros,
Não identificada,GRANDE,BORRACHARIA E LAVA JATO ESMERALDA,50.0,04/05/2026,servicos,GRANDE
Não identificada,GRANDE,BORRACHARIA E LAVA JATO ESMERALDA,25.0,04/05/2026,servicos,GRANDE
Fortaleza,INDUSTRIAL LTDA -,SEFAZ,183.78,04/05/2026,outros,INDUSTRIAL LTDA - FORTALEZA
Cocalinho,GABRIEL ALCINO SILVA MIRANDA,GABRIEL ALCINO SILVA MIRANDA,1400.0,04/05/2026,pessoa_fisica,COCALINHO
Maranguape,LTDA -,FRANCISCO MAGNALDO,495.0,04/05/2026,pessoa_fisica,LTDA - MARANGUAPE
Não identificada,LTDA,JURIAN BERNARDO DE ARAUJO LTDA,57.4,04/05/2026,outros,LTDA
Não identificada,DE ALIMENTOS LTDA,SOLMAR DISTRIBUIDORA DE ALIMENTOS LTDA,497.97,04/05/2026,alimentos,DE ALIMENTOS LTDA
Luís Gomes,LTDA -,J PEREIRA DE SOUZA,1150.0,04/05/2026,outros,LTDA - LUIS GOMES
Maranguape,PANIFICADORA SANTA TEREZINHA,PANIFICADORA SANTA TEREZINHA,642.0,04/05/2026,alimentos,MARANGUAPE
Maranguape,LTDA -,BODEGAO ATACAREJO,280.2,04/05/2026,alimentos,LTDA - MARANGUAPE
Maranguape,INDUSTRIAIS,STOCK COMERCIO DE EQUIPAMENTOS INDUSTRIA,147.3,04/05/2026,servicos,- MARANGUAPE INDUSTRIAIS
Maranguape,BRASIL LTDA -,POSTO BRASIL,340.22,04/05/2026,combustivel,BRASIL LTDA - MARANGUAPE
Não identificada,LTDA,EDUARDO WOLPP VIEIRA LTDA,2170.99,04/05/2026,pessoa_fisica,LTDA
Não identificada,R. DIAS LEITE COMERCIO,SUPERMERCADO VITORIA R. DIAS LEITE COMER,224.54,04/05/2026,alimentos,R. DIAS LEITE COMERCIO
Não identificada,R. DIAS LEITE COMERCIO,SUPERMERCADO VITORIA R. DIAS LEITE COMER,35.92,04/05/2026,alimentos,R. DIAS LEITE COMERCIO
Cocalinho,GABRIEL ALCINO SILVA MIRANDA,GABRIEL ALCINO SILVA MIRANDA,1493.0,04/05/2026,pessoa_fisica,COCALINHO
Ipaumirim,ARIZONA LTDA -,POSTO ARIZONA,294.01,04/05/2026,combustivel,ARIZONA LTDA - IPAUMIRIM
Não identificada,LTDA GRANDE,POSTO KATIA LOCATELLI LTDA,200.0,04/05/2026,combustivel,LTDA GRANDE
Maranguape,FRANCISCO VILMAR DASILVA,FRANCISCO VILMAR DASILVA,390.0,04/05/2026,pessoa_fisica,- MARANGUAPE
Campo Grande,MILHAS       LTDA -,MAX MILHAS,469.45,04/05/2026,transporte,MILHAS       LTDA - CAMPO GRANDE
Campo Grande,MILHAS       LTDA -,MAX MILHAS,542.67,04/05/2026,transporte,MILHAS       LTDA - CAMPO GRANDE
Cocalinho,LTDA -,CLODOALDO DA SILVA,280.0,04/05/2026,pessoa_fisica,LTDA - COCALINHO
Cocalinho,LTDA -,EULLER FELIPE MEDEIROS,280.0,04/05/2026,pessoa_fisica,LTDA - COCALINHO
Não identificada,CORREA,DIEGO DO ESPIRITO SANTO CORREA,280.0,04/05/2026,pessoa_fisica,CORREA
Cocalinho,MAIA        LTDA -,REAL MAIA,1230.0,04/05/2026,outros,MAIA        LTDA - COCALINHO
Cocalinho,LTDA -,AUTO POSTO KARAJAS,459.79,04/05/2026,combustivel,LTDA - COCALINHO
Não identificada,E LUB. LTDA,J FERRO COMBUSTIVEIS E LUB. LTDA,701.22,04/05/2026,combustivel,E LUB. LTDA
Não identificada,E TURISMO,QUERO PASSAGEM VIAGEM E TURISMO,969.09,04/05/2026,transporte,E TURISMO
Não identificada,DE OLIVEIRA JUNIOR,MAGNO JUNIOR,3000.0,05/05/2026,pessoa_fisica,DE OLIVEIRA JUNIOR
Fortaleza,OLIMPIO QUEIROGA FILHO,OLIMPIO QUEIROGA FILHO,2150.0,05/05/2026,pessoa_fisica,- FORTALEZA
Não identificada,CERTO LTDA,SUPER MERCADO COMPRE CERTO LTDA,42.16,05/05/2026,outros,CERTO LTDA
Ipaumirim,JOSÉ LUIZ MOREIRA GOMES,JOSÉ LUIZ MOREIRA GOMES,906.0,05/05/2026,outros,- IPAUMIRIM
Não identificada,DE DOCES VALE VERDE LTDA,INDUSTRIA E COMERCIO DE DOCES VALE VERDE,635.07,05/05/2026,outros,DE DOCES VALE VERDE LTDA
Luís Gomes,OVOS         LTDA -,UNA OVOS,760.0,05/05/2026,alimentos,OVOS         LTDA - LUIS GOMES
Luís Gomes,RENOVOLTDA -,PADARIA RENOVO,312.0,05/05/2026,alimentos,RENOVOLTDA - LUIS GOMES
Campo Grande,MAIS LTDA -,INTERNET MAIS,129.9,05/05/2026,servicos,MAIS LTDA - CAMPO GRANDE
Fortaleza,INDUSTRIAL LTDA -,MONTREAL,174.65,05/05/2026,outros,INDUSTRIAL LTDA - FORTALEZA
Fortaleza,HOME CENTER LTDA -,ACAL HOME CENTER,30.0,05/05/2026,outros,HOME CENTER LTDA - FORTALEZA
Não identificada,LTDA,JURIAN BERNARDO DE ARAUJO LTDA,2567.88,05/05/2026,outros,LTDA
Não identificada,LTDA,JURIAN BERNARDO DE ARAUJO LTDA,250.55,05/05/2026,outros,LTDA
Não identificada,LTDA,JURIAN BERNARDO DE ARAUJO LTDA,1959.12,05/05/2026,outros,LTDA
Maranguape,INDUSTRIAL LTDA -,CAROA,3560.41,05/05/2026,outros,INDUSTRIAL LTDA - MARANGUAPE
Não identificada,SANTOS,WMA HORTALIÇAS,2840.0,05/05/2026,alimentos,SANTOS
Não identificada,CARNES LTDA,QUALISU INDUSTRIA DE CARNES LTDA,16967.73,05/05/2026,alimentos,CARNES LTDA
Cocalinho,T & T COMER CIO E REPRESENTAÇÃO,T & T COMER CIO E REPRESENTAÇÃO,58840.87,05/05/2026,outros,- COCALINHO
Cocalinho,SAO LUIZ LTDA -,MEGA SAO LUIZ,1584.28,05/05/2026,alimentos,SAO LUIZ LTDA - COCALINHO
Não identificada,GOMES,SUPERGASBRAS ENERGIA LTDA,9480.0,05/05/2026,energia,GOMES
Luís Gomes,ZARUR LTDA -,POSTO ZARUR,250.0,05/05/2026,combustivel,ZARUR LTDA - LUIS GOMES
Maranguape,CENTRAL HOTEL MARANGUAPE,CENTRAL HOTEL MARANGUAPE,99.0,05/05/2026,servicos,- MARANGUAPE
Não identificada,LTDA,SUPERGASBRAS ENERGIA LTDA,17944.5,05/05/2026,energia,LTDA
Não identificada,SEU CELULAR,A4 SOLUCOES A LOJA DO SEU CELULAR,35.0,05/05/2026,servicos,SEU CELULAR
Maranguape,CAMATEX LTDA -,LOJAS CAMATEX,500.0,05/05/2026,outros,CAMATEX LTDA - MARANGUAPE
Campo Grande,LTDA -,MULTFRIOS DISTRIBUIDORA,562.59,05/05/2026,alimentos,LTDA - CAMPO GRANDE
Luís Gomes,LTDA,NG DISTRIBUIDORA DE ALIMENTOS LTDA,2024.79,05/05/2026,alimentos,LUIS GOMES LTDA
Maranguape,SUPERMERCADO NOVO MARANGUAPE,SUPERMERCADO NOVO MARANGUAPE,11.96,05/05/2026,alimentos,MARANGUAPE
Campo Grande,LTDA -,MULTFRIOS DISTRIBUIDORA,461.36,05/05/2026,alimentos,LTDA - CAMPO GRANDE
Maranguape,SUPERMERCADO NOVO MARANGUAPE,SUPERMERCADO NOVO MARANGUAPE,19.66,05/05/2026,alimentos,MARANGUAPE
Não identificada,GRANDE,ALVORADA LATICINIOS CAMPO GRANDE,821.25,05/05/2026,alimentos,GRANDE
Maranguape,E CIA LTDA -,DUARTE E CIA,35.0,05/05/2026,outros,E CIA LTDA - MARANGUAPE
Maranguape,VALDEMIR LIMA DA COSTA,VALDEMIR LIMA DA COSTA,450.0,05/05/2026,pessoa_fisica,- MARANGUAPE
Maranguape,LTDA -,TOP MOVEIS E ELETROS,4650.0,05/05/2026,energia,LTDA - MARANGUAPE
Maranguape,PANIFICADORA SANTA TEREZINHA,PANIFICADORA SANTA TEREZINHA,690.0,05/05/2026,alimentos,MARANGUAPE
Cocalinho,LTDA-,CANTINA EM CASA LTDA,8325.0,05/05/2026,outros,LTDA- COCALINHO
Não identificada,ALIMENTOS LTDA,VO ITA FRIOS,15743.93,05/05/2026,alimentos,ALIMENTOS LTDA
Cocalinho,OLI-,,300.0,05/05/2026,outros,OLI- COCALINHO
Não identificada,DE ALIMENTOS LTDA,PETISCO DISTRIBUIDORA DE ALIMENTOS LTDA,13894.08,05/05/2026,alimentos,DE ALIMENTOS LTDA
Não identificada,BARATAO LTDA,DSB-DISTRIBUIDORA SUPER BARATAO LTDA,396.92,05/05/2026,alimentos,BARATAO LTDA
Não identificada,DE ALIMENTOS LTDA,PETISCO DISTRIBUIDORA DE ALIMENTOS LTDA,1053.91,05/05/2026,alimentos,DE ALIMENTOS LTDA
Não identificada,DE ALIMENTOS LTDA,SOLMAR DISTRIBUIDORA DE ALIMENTOS LTDA,2950.72,05/05/2026,alimentos,DE ALIMENTOS LTDA
Não identificada,DE ALIMENTOS LTDA,SOLMAR DISTRIBUIDORA DE ALIMENTOS LTDA,1427.0,05/05/2026,alimentos,DE ALIMENTOS LTDA
Maranguape,BRASIL LTDA -,POSTO BRASIL,270.0,05/05/2026,combustivel,BRASIL LTDA - MARANGUAPE
Maranguape,PROGRESSO LTDA -,POSTO PROGRESSO,258.73,05/05/2026,combustivel,PROGRESSO LTDA - MARANGUAPE
Maranguape,PROGRESSO LTDA -,POSTO PROGRESSO,660.05,05/05/2026,combustivel,PROGRESSO LTDA - MARANGUAPE
Maranguape,PROGRESSO LTDA -,POSTO PROGRESSO,302.5,05/05/2026,combustivel,PROGRESSO LTDA - MARANGUAPE
Cocalinho,SAO LUIZ LTDA -,MEGA SAO LUIZ,73.75,05/05/2026,alimentos,SAO LUIZ LTDA - COCALINHO
Ipaumirim,LTDA -,ERCON CONSTRUÇÕES,42.0,05/05/2026,outros,LTDA - IPAUMIRIM
Não identificada,GOMES           S.A,BRISANET SERVICOS DE TELECOMUNICACOES S.,140.0,05/05/2026,servicos,GOMES           S.A
Maranguape,INDUSTRIAL LTDA -,GT EMBALAGENS,180.0,05/05/2026,alimentos,INDUSTRIAL LTDA - MARANGUAPE
Maranguape,IRACILDA DE LIMA ROSSAS,IRACILDA DE LIMA ROSSAS,1266.1,05/05/2026,pessoa_fisica,- MARANGUAPE
Maranguape,IRACILDA DE LIMA ROSSAS,IRACILDA DE LIMA ROSSAS,272.6,05/05/2026,pessoa_fisica,- MARANGUAPE
Fortaleza,UL BRASIL INDUTRIA E COMERCIO DE,UL BRASIL INDUTRIA E COMERCIO DE,323.16,05/05/2026,outros,- FORTALEZADE
Fortaleza,COMPANY LTDALTDA -,BYVC COMPANY LTDA,134.9,05/05/2026,outros,COMPANY LTDALTDA - FORTALEZA
Fortaleza,MEGA BYTE MAGAZINE LTDA,MEGA BYTE MAGAZINE LTDA,57.15,05/05/2026,servicos,FORTALEZA
Fortaleza,TOPMAD MADEIRAS LTDA,TOPMAD MADEIRAS LTDA,46.89,05/05/2026,servicos,- FORTALEZA
Cocalinho,CACIO FREIRES DOS SANTOS,CACIO FREIRES DOS SANTOS,350.0,05/05/2026,outros,- COCALINHO
Cocalinho,LEONARDO CARVALHO PEREIRA,LEONARDO CARVALHO PEREIRA,150.0,05/05/2026,pessoa_fisica,COCALINHO
Cocalinho,LTDA -,PAULO CESAR SANTOS,150.0,05/05/2026,pessoa_fisica,LTDA - COCALINHO
Cocalinho,S. A LTDA -,ATACADAO,3894.0,05/05/2026,alimentos,S. A LTDA - COCALINHO
Cocalinho,INDUSTRIAL LTDA -,CONSTRUKASA,68.25,05/05/2026,servicos,INDUSTRIAL LTDA - COCALINHO
Fortaleza,FAUSTO DE MORAES JUNIOR,FAUSTO DE MORAES JUNIOR,58.0,05/05/2026,pessoa_fisica,- FORTALEZA
Não identificada,LTDA GRANDE,POSTO KATIA LOCATELLI LTDA,200.0,05/05/2026,combustivel,LTDA GRANDE
Não identificada,LTDA GRANDE,POSTO KATIA LOCATELLI LTDA,200.0,05/05/2026,combustivel,LTDA GRANDE
Campo Grande,INDUSTRIAL LTDA -,EBAZAR.COM.BR.LTDA,149.0,05/05/2026,servicos,INDUSTRIAL LTDA - CAMPO GRANDE
Cocalinho,INDUSTRIAL LTDA -,ENERGISA,1837.09,05/05/2026,energia,INDUSTRIAL LTDA - COCALINHO
Cocalinho,INDUSTRIAL LTDA -,ENERGISA,848.24,05/05/2026,energia,INDUSTRIAL LTDA - COCALINHO
Cocalinho,INDUSTRIAL LTDA -,ENERGISA,2065.86,05/05/2026,energia,INDUSTRIAL LTDA - COCALINHO
Cocalinho,INDUSTRIAL LTDA -,ENERGISA,392.62,05/05/2026,energia,INDUSTRIAL LTDA - COCALINHO
Cocalinho,JATO BETELLTDA -,,300.0,05/05/2026,outros,JATO BETELLTDA - COCALINHO
Cocalinho,LTDA -,AUTO POSTO KARAJAS,151.25,05/05/2026,combustivel,LTDA - COCALINHO
Cocalinho,LTDA -,AUTO POSTO KARAJAS,323.72,05/05/2026,combustivel,LTDA - COCALINHO
Cocalinho,LTDA -,AUTO POSTO KARAJAS,671.98,05/05/2026,combustivel,LTDA - COCALINHO
Campo Grande,LTDA -,,22094.64,05/05/2026,outros,LTDA - CAMPO GRANDE
Cocalinho,AI     LTDA -,EMBARCA AI,234.0,05/05/2026,transporte,AI     LTDA - COCALINHO
Maranguape,BRASIL LTDA -,POSTO BRASIL,1165.63,05/05/2026,combustivel,BRASIL LTDA - MARANGUAPE
Fortaleza,DA PALHALTDA -,LOURO DA PALHA,467.0,06/05/2026,outros,DA PALHALTDA - FORTALEZA
Luís Gomes,OVOS         LTDA -,UNA OVOS,570.0,06/05/2026,alimentos,OVOS         LTDA - LUIS GOMES
Luís Gomes,RENOVOLTDA -,PADARIA RENOVO,728.0,06/05/2026,alimentos,RENOVOLTDA - LUIS GOMES
Fortaleza,MARINA LTDA -,POSTO MARINA,29.65,06/05/2026,combustivel,MARINA LTDA - FORTALEZA
Não identificada,GRANDE,ESTANCIA JOIA COMERCIO DE HORTIFRUT,340.0,06/05/2026,alimentos,GRANDE
Não identificada,GRANDE,ESTANCIA JOIA COMERCIO DE HORTIFRUT,3008.1,06/05/2026,alimentos,GRANDE
Não identificada,LTDA,JURIAN BERNARDO DE ARAUJO LTDA,35.0,06/05/2026,outros,LTDA
Campo Grande,LTDA-,BELLO ALIMENTOS LTDA,197.6,06/05/2026,alimentos,LTDA- CAMPO GRANDE
Luís Gomes,ANTONIO ALFERES PINHEIROS,ANTONIO ALFERES PINHEIROS,85.0,06/05/2026,pessoa_fisica,- LUIS GOMES
Não identificada,DE ALIMENTOS LTDA,SOLMAR DISTRIBUIDORA DE ALIMENTOS LTDA,2398.0,06/05/2026,alimentos,DE ALIMENTOS LTDA
Não identificada,DE ALIMENTOS LTDA,SOLMAR DISTRIBUIDORA DE ALIMENTOS LTDA,11701.1,06/05/2026,alimentos,DE ALIMENTOS LTDA
Maranguape,LTDA.,J. E. COMERCIO DE EMBALAGENS LTDA.,130.0,06/05/2026,alimentos,- MARANGUAPELTDA.
Maranguape,LTDA.,J. E. COMERCIO DE EMBALAGENS LTDA.,267.5,06/05/2026,alimentos,- MARANGUAPELTDA.
Maranguape,LTDA.,J. E. COMERCIO DE EMBALAGENS LTDA.,663.0,06/05/2026,alimentos,- MARANGUAPELTDA.
Luís Gomes,LTDA.,J. E. COMERCIO DE EMBALAGENS LTDA.,675.0,06/05/2026,alimentos,- LUIS GOMESLTDA.
Luís Gomes,LTDA.,J. E. COMERCIO DE EMBALAGENS LTDA.,496.0,06/05/2026,alimentos,- LUIS GOMESLTDA.
Maranguape,LTDA - DE ALIMENTO,GV DA SILVEIRA DISTRIBUIDORA DE ALIMENTO,3578.3,06/05/2026,alimentos,LTDA - MARANGUAPEDE ALIMENTO
Luís Gomes,LTDA.,J. E. COMERCIO DE EMBALAGENS LTDA.,179.96,06/05/2026,alimentos,- LUIS GOMESLTDA.
Luís Gomes,LTDA.,J. E. COMERCIO DE EMBALAGENS LTDA.,1350.96,06/05/2026,alimentos,- LUIS GOMESLTDA.
Maranguape,LTDA - DE ALIMENTO,GV DA SILVEIRA DISTRIBUIDORA DE ALIMENTO,488.05,06/05/2026,alimentos,LTDA - MARANGUAPEDE ALIMENTO
Campo Grande,LTDA -,MULTFRIOS DISTRIBUIDORA,163.33,06/05/2026,alimentos,LTDA - CAMPO GRANDE
Maranguape,PANIFICADORA SANTA TEREZINHA,PANIFICADORA SANTA TEREZINHA,738.0,06/05/2026,alimentos,MARANGUAPE
Fortaleza,MAGALHAES LTDA -,POSTO MAGALHAES,275.18,06/05/2026,combustivel,MAGALHAES LTDA - FORTALEZA
Maranguape,INDUSTRIAL LTDA -,GT EMBALAGENS,94.0,06/05/2026,alimentos,INDUSTRIAL LTDA - MARANGUAPE
Fortaleza,LTDA.,J. E. COMERCIO DE EMBALAGENS LTDA.,140.0,06/05/2026,alimentos,- FORTALEZA LTDA.
Fortaleza,LTDA.,J. E. COMERCIO DE EMBALAGENS LTDA.,84.0,06/05/2026,alimentos,- FORTALEZA LTDA.
Fortaleza,LTDA.,J. E. COMERCIO DE EMBALAGENS LTDA.,224.0,06/05/2026,alimentos,- FORTALEZA LTDA.
Campo Grande,LTDA -,ANALITICA AMBIENTAL,600.0,06/05/2026,servicos,LTDA - CAMPO GRANDE
Maranguape,INDUSTRIAL LTDA -,GT EMBALAGENS,168.0,06/05/2026,alimentos,INDUSTRIAL LTDA - MARANGUAPE
Não identificada,BARATAO LTDA,DSB-DISTRIBUIDORA SUPER BARATAO LTDA,3930.46,06/05/2026,alimentos,BARATAO LTDA
Não identificada,DE ALIMENTOS ADM,CASTANHAO DISTRIBUIDORA DE ALIMENTOS ADM,4706.62,06/05/2026,alimentos,DE ALIMENTOS ADM
Campo Grande,LTDA-,VNS EMBALAGENS LTDA,588.1,06/05/2026,alimentos,LTDA- CAMPO GRANDE
Campo Grande,EMBALAGENS  LTDA -,ELITE EMBALAGENS,1047.98,06/05/2026,alimentos,EMBALAGENS  LTDA - CAMPO GRANDE
Campo Grande,A           LTDA -,JBS S A,3456.72,06/05/2026,outros,A           LTDA - CAMPO GRANDE
Maranguape,IRACILDA DE LIMA ROSSAS,IRACILDA DE LIMA ROSSAS,647.8,06/05/2026,pessoa_fisica,- MARANGUAPE
Cocalinho,COMERCIO A S GOIAS LTDA,COMERCIO A S GOIAS LTDA,18519.45,06/05/2026,outros,COCALINHO
Cocalinho,COMERCIO A S GOIAS LTDA,COMERCIO A S GOIAS LTDA,1944.0,06/05/2026,outros,COCALINHO
Cocalinho,LTDA -,LOJAO DAS EMBALAGENS,2642.95,06/05/2026,alimentos,LTDA - COCALINHO
Cocalinho,LTDA -,LOJAO DAS EMBALAGENS,3447.9,06/05/2026,alimentos,LTDA - COCALINHO
Campo Grande,DELLYS FOOD SERVICE LTDA,DELLYS FOOD SERVICE LTDA,4983.36,06/05/2026,alimentos,CAMPO GRANDE
Não identificada,EMBALAGENS LTDA,EFICAZ ATACADO DA LIMPEZA E EMBALAGENS L,1040.37,06/05/2026,alimentos,EMBALAGENS LTDA
Não identificada,LTDA,PNEULANDIA COMERCIAL LTDA,2590.0,06/05/2026,alimentos,LTDA
Ipaumirim,AUTO POSTO BOM PREÇO,AUTO POSTO BOM PREÇO,324.59,06/05/2026,combustivel,- IPAUMIRIM
Luís Gomes,ZARUR LTDA -,POSTO ZARUR,250.0,06/05/2026,combustivel,ZARUR LTDA - LUIS GOMES
Fortaleza,TOPMAD MADEIRAS LTDA,TOPMAD MADEIRAS LTDA,46.89,06/05/2026,servicos,- FORTALEZA
Fortaleza,TOPMAD MADEIRAS LTDA,TOPMAD MADEIRAS LTDA,46.89,06/05/2026,servicos,- FORTALEZA
Maranguape,MEGAFRIO CAMARAS FRIGORIFICAS,MEGAFRIO CAMARAS FRIGORIFICAS,1300.0,06/05/2026,outros,- MARANGUAPE
Cocalinho,LTDA -,CLODOALDO DA SILVA,150.0,06/05/2026,pessoa_fisica,LTDA - COCALINHO
Cocalinho,INDUSTRIAL LTDA -,CONSTRUKASA,151.2,06/05/2026,servicos,INDUSTRIAL LTDA - COCALINHO
Fortaleza,A FABRICA INDUSTRIA MAQUINAS,A FABRICA INDUSTRIA MAQUINAS,68.99,06/05/2026,outros,- FORTALEZA
Não identificada,LTDA GRANDE,POSTO KATIA LOCATELLI LTDA,200.0,06/05/2026,combustivel,LTDA GRANDE
Não identificada,LTDA GRANDE,POSTO KATIA LOCATELLI LTDA,200.0,06/05/2026,combustivel,LTDA GRANDE
Cocalinho,LTDA -,AUTO POSTO KARAJAS,364.95,06/05/2026,combustivel,LTDA - COCALINHO
Cocalinho,LTDA -,AUTO POSTO KARAJAS,432.09,06/05/2026,combustivel,LTDA - COCALINHO
Não identificada,E LUB. LTDA,J FERRO COMBUSTIVEIS E LUB. LTDA,722.84,06/05/2026,combustivel,E LUB. LTDA
Não identificada,E SERVICOS LTDA,PIGALLE,2879.14,06/05/2026,servicos,E SERVICOS LTDA
Luís Gomes,RENOVOLTDA -,PADARIA RENOVO,324.0,07/05/2026,alimentos,RENOVOLTDA - LUIS GOMES
Fortaleza,DIESEL      LTDA -,GAMA DIESEL,495.0,07/05/2026,combustivel,DIESEL      LTDA - FORTALEZA
Maranguape,LTDA -,ALENCAR EQUIPAMENTOS,4880.0,07/05/2026,servicos,LTDA - MARANGUAPE
Cocalinho,LTDA -,,1438.05,07/05/2026,outros,LTDA - COCALINHO
Campo Grande,ATACADISTA LTDA -,FORTS ATACADISTA,7138.63,07/05/2026,outros,ATACADISTA LTDA - CAMPO GRANDE
Campo Grande,PRESENTES   LTDA -,SPIPE PRESENTES,5.0,07/05/2026,servicos,PRESENTES   LTDA - CAMPO GRANDE
Maranguape,D C SALES COELHO SORVETERIA,D C SALES COELHO SORVETERIA,865.8,07/05/2026,outros,- MARANGUAPE
Maranguape,CENTRAL LTDA -,HOTEL CENTRAL,99.0,07/05/2026,servicos,CENTRAL LTDA - MARANGUAPE
Maranguape,LTDA LTDA -,A M DIESEL LTDA,338.51,07/05/2026,combustivel,LTDA LTDA - MARANGUAPE
Maranguape,PROGRESSO LTDA -,POSTO PROGRESSO,302.38,07/05/2026,combustivel,PROGRESSO LTDA - MARANGUAPE
Maranguape,PROGRESSO LTDA -,POSTO PROGRESSO,220.81,07/05/2026,combustivel,PROGRESSO LTDA - MARANGUAPE
Maranguape,BRASIL LTDA -,POSTO BRASIL,294.31,07/05/2026,combustivel,BRASIL LTDA - MARANGUAPE
Maranguape,PANIFICADORA SANTA TEREZINHA,PANIFICADORA SANTA TEREZINHA,738.0,07/05/2026,alimentos,MARANGUAPE
Campo Grande,LTDA -,MULTFRIOS DISTRIBUIDORA,319.2,07/05/2026,alimentos,LTDA - CAMPO GRANDE
Não identificada,R. DIAS LEITE COMERCIO,SUPERMERCADO VITORIA R. DIAS LEITE COMER,87.84,07/05/2026,alimentos,R. DIAS LEITE COMERCIO
Cocalinho,MORAES-,BORRACHARIA JONES SIQUEIRA,30.0,07/05/2026,servicos,MORAES- COCALINHO
Ipaumirim,AUTO POSTO BOM PREÇO,AUTO POSTO BOM PREÇO,273.53,07/05/2026,combustivel,- IPAUMIRIM
Ipaumirim,LETICIA IMPORT E VARIEDADES,LETICIA IMPORT E VARIEDADES,19.98,07/05/2026,outros,- IPAUMIRIM
Ipaumirim,FIOS     LTDA -,ELETRO FIOS,13.49,07/05/2026,energia,FIOS     LTDA - IPAUMIRIM
Não identificada,LTDA,SUPERMERCADO OLIVEIRA LTDA,32.18,07/05/2026,alimentos,LTDA
Ipaumirim,INDUSTRIAL NJ LTDA -,ELETROFIOS NJ,22.52,07/05/2026,energia,INDUSTRIAL NJ LTDA - IPAUMIRIM
Ipaumirim,SOARES LTDA -,ANDRÉ SOARES,100.0,07/05/2026,outros,SOARES LTDA - IPAUMIRIM
Campo Grande,CONSTRUA TUDO COMERCIO,CONSTRUA TUDO COMERCIO,683.0,07/05/2026,outros,- CAMPO GRANDE
Luís Gomes,ZARUR LTDA -,POSTO ZARUR,250.0,07/05/2026,combustivel,ZARUR LTDA - LUIS GOMES
Não identificada,LTDA GRANDE,POSTO KATIA LOCATELLI LTDA,200.0,07/05/2026,combustivel,LTDA GRANDE
Cocalinho,CACIO FREIRES DOS SANTOS,CACIO FREIRES DOS SANTOS,50.0,07/05/2026,outros,- COCALINHO
Não identificada,CORREA,DIEGO DO ESPIRITO SANTO CORREA,100.0,07/05/2026,pessoa_fisica,CORREA
Não identificada,CORREA,DIEGO DO ESPIRITO SANTO CORREA,150.0,07/05/2026,pessoa_fisica,CORREA
Fortaleza,GENILDO CERTIFICADO DIGITAL,GENILDO CERTIFICADO DIGITAL,570.0,07/05/2026,outros,- FORTALEZA
Maranguape,INDUSTRIAL LTDA -,GT EMBALAGENS,430.0,07/05/2026,alimentos,INDUSTRIAL LTDA - MARANGUAPE
Cocalinho,INDUSTRIAL LTDA -,CONSTRUKASA,124.74,07/05/2026,servicos,INDUSTRIAL LTDA - COCALINHO
Maranguape,INDUSTRIAL LTDA -,GT EMBALAGENS,100.0,07/05/2026,alimentos,INDUSTRIAL LTDA - MARANGUAPE
Cocalinho,INDUSTRIAL LTDA -,CONSTRUKASA,114.24,07/05/2026,servicos,INDUSTRIAL LTDA - COCALINHO
Não identificada,LTDA GRANDE,POSTO KATIA LOCATELLI LTDA,200.0,07/05/2026,combustivel,LTDA GRANDE
Cocalinho,CACIO FREIRES DOS SANTOS,CACIO FREIRES DOS SANTOS,80.0,07/05/2026,outros,- COCALINHO
Cocalinho,LTDA -,AUTO POSTO KARAJAS,153.04,07/05/2026,combustivel,LTDA - COCALINHO
Cocalinho,LTDA -,AUTO POSTO KARAJAS,768.66,07/05/2026,combustivel,LTDA - COCALINHO
Fortaleza,INDUSTRIAL LTDA -,ENERGISA,247.35,08/05/2026,energia,INDUSTRIAL LTDA - FORTALEZA
Fortaleza,INDUSTRIAL LTDA -,ENERGISA,924.05,08/05/2026,energia,INDUSTRIAL LTDA - FORTALEZA
Fortaleza,INDUSTRIAL LTDA -,ENERGISA,80.34,08/05/2026,energia,INDUSTRIAL LTDA - FORTALEZA
Cocalinho,DANIEL JOSÉ PRADOS SILVA,DANIEL JOSÉ PRADOS SILVA,4500.0,08/05/2026,outros,- COCALINHO
Ipaumirim,AUTO POSTO BOM PREÇO,AUTO POSTO BOM PREÇO,259.02,08/05/2026,combustivel,- IPAUMIRIM
Luís Gomes,RENOVOLTDA -,PADARIA RENOVO,715.0,08/05/2026,alimentos,RENOVOLTDA - LUIS GOMES
Não identificada,SANTOS,WMA HORTALIÇAS,3740.0,08/05/2026,alimentos,SANTOS
Maranguape,PANIFICADORA SANTA TEREZINHA,PANIFICADORA SANTA TEREZINHA,420.0,08/05/2026,alimentos,MARANGUAPE
Maranguape,SUPERMERCADO NOVO MARANGUAPE,SUPERMERCADO NOVO MARANGUAPE,100.27,08/05/2026,alimentos,MARANGUAPE
Não identificada,CERTO LTDA,SUPER MERCADO COMPRE CERTO LTDA,150.02,08/05/2026,outros,CERTO LTDA
Não identificada,ALIMENTOS LTDA,VO ITA FRIOS,398.61,08/05/2026,alimentos,ALIMENTOS LTDA
Ipaumirim,LTDA,NG DISTRIBUIDORA DE ALIMENTOS LTDA,18473.53,08/05/2026,alimentos,IPAUMIRIM LTDA
Cocalinho,SAO LUIZ LTDA -,MEGA SAO LUIZ,187.31,08/05/2026,alimentos,SAO LUIZ LTDA - COCALINHO
Ipaumirim,LTDA -,PANIFICADORA JUSSARA,180.0,08/05/2026,alimentos,LTDA - IPAUMIRIM
Ipaumirim,RONICLEI MARTINS DUARTE,RONICLEI MARTINS DUARTE,2475.0,08/05/2026,pessoa_fisica,- IPAUMIRIM
Ipaumirim,SUPERMERCADO BOM PREÇO,SUPERMERCADO BOM PREÇO,926.51,08/05/2026,alimentos,IPAUMIRIM
Não identificada,GRANDE,H C INDUSTRIA DE ALIMENTOS LTDA,1307.9,08/05/2026,alimentos,GRANDE
Cocalinho,SAO LUIZ LTDA -,MEGA SAO LUIZ,1562.4,08/05/2026,alimentos,SAO LUIZ LTDA - COCALINHO
Ipaumirim,SUPERMERCADO BOM PREÇO,SUPERMERCADO BOM PREÇO,205.28,08/05/2026,alimentos,IPAUMIRIM
Ipaumirim,AUTO POSTO BOM PREÇO,AUTO POSTO BOM PREÇO,257.1,08/05/2026,combustivel,- IPAUMIRIM
Fortaleza,AUTO POSTO BOM PRECO,AUTO POSTO BOM PRECO,271.24,08/05/2026,combustivel,- FORTALEZA
Maranguape,INDUSTRIAL LTDA -,GT EMBALAGENS,95.0,08/05/2026,alimentos,INDUSTRIAL LTDA - MARANGUAPE
Não identificada,S.A,MATEUS SUPERMERCADOS S.A,126.0,08/05/2026,alimentos,S.A
Luís Gomes,ZARUR LTDA -,POSTO ZARUR,250.0,08/05/2026,combustivel,ZARUR LTDA - LUIS GOMES
Luís Gomes,ZARUR LTDA -,POSTO ZARUR,230.0,08/05/2026,combustivel,ZARUR LTDA - LUIS GOMES
Não identificada,PETROLEO,F NOBRE COMERCIO DE PETROLEO,354.15,08/05/2026,outros,PETROLEO
Maranguape,LTDA -,KARANGO AUTO PECAS,19.0,08/05/2026,servicos,LTDA - MARANGUAPE
Luís Gomes,LTDA -,,100.0,08/05/2026,outros,LTDA - LUIS GOMES
Não identificada,GRANDE,BORRACHARIA E LAVA JATO ESMERALDA,50.0,08/05/2026,servicos,GRANDE
Campo Grande,S. A LTDA -,ATACADAO,19.98,08/05/2026,alimentos,S. A LTDA - CAMPO GRANDE
Não identificada,LTDA GRANDE,POSTO KATIA LOCATELLI LTDA,200.0,08/05/2026,combustivel,LTDA GRANDE
Ipaumirim,JOSÉ LUIZ MOREIRA GOMES,JOSÉ LUIZ MOREIRA GOMES,360.0,08/05/2026,outros,- IPAUMIRIM
Fortaleza,MARINA LTDA -,POSTO MARINA,257.22,08/05/2026,combustivel,MARINA LTDA - FORTALEZA
Ipaumirim,LTDA -,MARIA ZABELE PEREIRA,2046.0,08/05/2026,outros,LTDA - IPAUMIRIM
Fortaleza,INDUSTRIAL LTDA -,SEFAZ,71.14,08/05/2026,outros,INDUSTRIAL LTDA - FORTALEZA
Fortaleza,GENILDO CERTIFICADO DIGITAL,GENILDO CERTIFICADO DIGITAL,570.0,08/05/2026,outros,- FORTALEZA
Cocalinho,LTDA -,AUTO POSTO KARAJAS,512.39,08/05/2026,combustivel,LTDA - COCALINHO
Cocalinho,LTDA -,AUTO POSTO KARAJAS,131.05,08/05/2026,combustivel,LTDA - COCALINHO
Cocalinho,LTDA -,AUTO POSTO KARAJAS,398.55,08/05/2026,combustivel,LTDA - COCALINHO
Não identificada,S.A.,MOVIDA RENT A CAR,5747.53,08/05/2026,transporte,S.A.
Não identificada,E TURISMO,QUERO PASSAGEM VIAGEM E TURISMO,236.11,08/05/2026,transporte,E TURISMO
Não identificada,E TURISMO,QUERO PASSAGEM VIAGEM E TURISMO,958.8,08/05/2026,transporte,E TURISMO
Não identificada,LTDA,JURIAN BERNARDO DE ARAUJO LTDA,69.6,08/05/2026,outros,LTDA
Fortaleza,S.A.,MOVIDA RENT A CAR,4308.55,08/05/2026,transporte,- FORTALEZAS.A.
Luís Gomes,TECH LTDA -,GASTRO TECH,75.0,09/05/2026,energia,TECH LTDA - LUIS GOMES
Fortaleza,VAZ     LTDA -,MARCOS VAZ,1450.0,09/05/2026,outros,VAZ     LTDA - FORTALEZA
Fortaleza,ARAUJO LTDA -,VALDIR ARAUJO,2499.5,09/05/2026,outros,ARAUJO LTDA - FORTALEZA
Fortaleza,DANTAS LTDA -,OTAVIO DANTAS,650.0,09/05/2026,outros,DANTAS LTDA - FORTALEZA
Fortaleza,LTDA -,ORIGO CONSULTORIA,10000.0,09/05/2026,outros,LTDA - FORTALEZA
Fortaleza,DINACIO DE SOUSA FERNANDES,DINACIO DE SOUSA FERNANDES,700.0,09/05/2026,outros,- FORTALEZA
Maranguape,INDUSTRIAL LTDA -,CAROA,3394.0,09/05/2026,outros,INDUSTRIAL LTDA - MARANGUAPE
Cocalinho,SAO LUIZ LTDA -,MEGA SAO LUIZ,1041.6,09/05/2026,alimentos,SAO LUIZ LTDA - COCALINHO
Não identificada,GRANDE,ESTANCIA JOIA COMERCIO DE HORTIFRUT,3354.23,09/05/2026,alimentos,GRANDE
Campo Grande,LTDA -,MULTFRIOS DISTRIBUIDORA,1897.8,09/05/2026,alimentos,LTDA - CAMPO GRANDE
Maranguape,INDUSTRIAL LTDA -,GT EMBALAGENS,56.0,09/05/2026,alimentos,INDUSTRIAL LTDA - MARANGUAPE
Não identificada,ATACADO E VAREJO,TR ALIMENTOS DISTRIBUIDORA ATACADO E VAR,720.0,09/05/2026,alimentos,ATACADO E VAREJO
Maranguape,PANIFICADORA SANTA TEREZINHA,PANIFICADORA SANTA TEREZINHA,630.0,09/05/2026,alimentos,MARANGUAPE
Luís Gomes,ZARUR LTDA -,POSTO ZARUR,230.0,09/05/2026,combustivel,ZARUR LTDA - LUIS GOMES
Maranguape,LTDA -,CASA DOS PARAFUSOS,5.0,09/05/2026,outros,LTDA - MARANGUAPE
Luís Gomes,BORACHARIA SÃO FRANCISCO,BORACHARIA SÃO FRANCISCO,40.0,09/05/2026,pessoa_fisica,- LUIS GOMES
Cocalinho,T & T COMER CIO E REPRESENTAÇÃO,T & T COMER CIO E REPRESENTAÇÃO,69959.1,09/05/2026,outros,- COCALINHO
Não identificada,LTDA GRANDE,POSTO KATIA LOCATELLI LTDA,200.0,09/05/2026,combustivel,LTDA GRANDE
Não identificada,LTDA GRANDE,POSTO KATIA LOCATELLI LTDA,200.0,09/05/2026,combustivel,LTDA GRANDE
Maranguape,LTDA LTDA -,A M DIESEL LTDA,331.78,09/05/2026,combustivel,LTDA LTDA - MARANGUAPE
Maranguape,BRASIL LTDA -,POSTO BRASIL,366.51,09/05/2026,combustivel,BRASIL LTDA - MARANGUAPE
Maranguape,AIRLINES LTDA -,LATAM AIRLINES,1658.3,09/05/2026,outros,AIRLINES LTDA - MARANGUAPE
Não identificada,LTDA,EXPRESSO GUANABARA LTDA,663.64,09/05/2026,transporte,LTDA
Maranguape,EMPRESA MOREIRA LTDA,EMPRESA MOREIRA LTDA,240.0,09/05/2026,outros,- MARANGUAPE
Não identificada,LTDA,EXPRESSO GUANABARA LTDA,205.72,09/05/2026,transporte,LTDA
Maranguape,PROGRESSO LTDA -,POSTO PROGRESSO,299.99,09/05/2026,combustivel,PROGRESSO LTDA - MARANGUAPE
Cocalinho,LTDA -,AUTO POSTO KARAJAS,340.5,09/05/2026,combustivel,LTDA - COCALINHO
Cocalinho,LTDA -,AUTO POSTO KARAJAS,356.6,09/05/2026,combustivel,LTDA - COCALINHO
Cocalinho,SAO LUIZ LTDA -,MEGA SAO LUIZ,187.31,09/05/2026,alimentos,SAO LUIZ LTDA - COCALINHO
Ipaumirim,AUTO POSTO BOM PREÇO,AUTO POSTO BOM PREÇO,307.56,09/05/2026,combustivel,- IPAUMIRIM
Ipaumirim,AUTO POSTO BOM PREÇO,AUTO POSTO BOM PREÇO,3102.78,09/05/2026,combustivel,- IPAUMIRIM
Não identificada,DA CRUZ,HERBERT WAGNER NOVAIS DA CRUZ,358.0,10/05/2026,outros,DA CRUZ
Cocalinho,AIRLINES LTDA -,LATAM AIRLINES,824.74,10/05/2026,outros,AIRLINES LTDA - COCALINHO
Ipaumirim,SUPERMERCADO BOM PREÇO,SUPERMERCADO BOM PREÇO,441.05,10/05/2026,alimentos,IPAUMIRIM
Ipaumirim,SUPERMERCADO BOM PREÇO,SUPERMERCADO BOM PREÇO,719.1,10/05/2026,alimentos,IPAUMIRIM
Não identificada,LTDA,JURIAN BERNARDO DE ARAUJO LTDA,2969.54,10/05/2026,outros,LTDA
Ipaumirim,LTDA -,HORTIFRUTI PAI ETERNO,111.7,10/05/2026,alimentos,LTDA - IPAUMIRIM
Não identificada,LTDA,JURIAN BERNARDO DE ARAUJO LTDA,7191.6,10/05/2026,outros,LTDA
Não identificada,LTDA,JURIAN BERNARDO DE ARAUJO LTDA,40.95,10/05/2026,outros,LTDA
Não identificada,LTDA,JURIAN BERNARDO DE ARAUJO LTDA,1662.05,10/05/2026,outros,LTDA
Não identificada,DE ALIMENTOS,L F S COMERCIO E IMPORTACAO DE ALIMENTOS,61.98,10/05/2026,alimentos,DE ALIMENTOS
Maranguape,PANIFICADORA SANTA TEREZINHA,PANIFICADORA SANTA TEREZINHA,228.0,10/05/2026,alimentos,MARANGUAPE
Ipaumirim,AUTO POSTO BOM PREÇO,AUTO POSTO BOM PREÇO,286.18,10/05/2026,combustivel,- IPAUMIRIM
Ipaumirim,AUTO POSTO BOM PREÇO,AUTO POSTO BOM PREÇO,906.85,10/05/2026,combustivel,- IPAUMIRIM
Não identificada,DE FATIMA,POSTO NOSSA SENHORA DE FATIMA,298.69,10/05/2026,combustivel,DE FATIMA
Campo Grande,CONDOMINIO RESID BARILOCHE,CONDOMINIO RESID BARILOCHE,380.0,10/05/2026,outros,- CAMPO GRANDE
Cocalinho,LIVRE LTDA -,MERCADO LIVRE,119.88,10/05/2026,outros,LIVRE LTDA - COCALINHO
Cocalinho,LTDA -,AUTO POSTO KARAJAS,657.98,10/05/2026,combustivel,LTDA - COCALINHO
Fortaleza,LTDA -,EL SHADDAI HOTEL,844.4,10/05/2026,servicos,LTDA - FORTALEZA
Fortaleza,LTDA -,BOOKING.COM BRASIL,348.11,10/05/2026,outros,LTDA - FORTALEZA
Fortaleza,LTDA -,AMERICAN EXPRESS,18.73,10/05/2026,outros,LTDA - FORTALEZA
Fortaleza,IPHONES LTDA -,MAJOR IPHONES,448.0,10/05/2026,outros,IPHONES LTDA - FORTALEZA
Não identificada,GRANDE,PREFEITURA MUNICIPAL DE CAMPO GRANDE,1246.35,10/05/2026,outros,GRANDE
Não identificada,POSTO ALTERNATIVA DE COMBUSTIVEL E SERVI,POSTO ALTERNATIVA DE COMBUSTIVEL E SERVI,200.0,10/05/2026,combustivel,
Fortaleza,ALELOINDUSTRIAL LTDA -,,482.41,10/05/2026,outros,ALELOINDUSTRIAL LTDA - FORTALEZA
Maranguape,PANIFICADORA SANTA TEREZINHA,PANIFICADORA SANTA TEREZINHA,3456.0,10/05/2026,alimentos,MARANGUAPE
Fortaleza,S.A       LTDA -,CLARO S.A,127.9,11/05/2026,outros,S.A       LTDA - FORTALEZA
Fortaleza,AZUL LINHAS AEREAS BRASILEIRAS,AZUL LINHAS AEREAS BRASILEIRAS,793.44,11/05/2026,transporte,- FORTALEZA
Não identificada,POSTO ALTERNATIVA DE COMBUSTIVEL E SERVI,POSTO ALTERNATIVA DE COMBUSTIVEL E SERVI,219.82,11/05/2026,combustivel,
Fortaleza,MANOEL QUEIROGA DE OLIVEIRA,MANOEL QUEIROGA DE OLIVEIRA,10000.0,11/05/2026,outros,FORTALEZA
Cocalinho,LTDA -,FG DESIGN FARDAMENTOS,1692.0,11/05/2026,outros,LTDA - COCALINHO
Ipaumirim,FRUTAS LTDA -,TARCIO FRUTAS,6489.9,11/05/2026,alimentos,FRUTAS LTDA - IPAUMIRIM
Não identificada,DISTRIBUIDORA LTDA,NACIONAL GAS BUTANO DISTRIBUIDORA LTDA,1781.26,11/05/2026,alimentos,DISTRIBUIDORA LTDA
Ipaumirim,LTDA -,HORTIFRUTI PAI ETERNO,1459.5,11/05/2026,alimentos,LTDA - IPAUMIRIM
Não identificada,PROCESSADOS,ALIMEMPRO PRODUTOS PROCESSADOS,405.0,11/05/2026,outros,PROCESSADOS
Luís Gomes,RENOVOLTDA -,PADARIA RENOVO,35.0,11/05/2026,alimentos,RENOVOLTDA - LUIS GOMES
Luís Gomes,RENOVOLTDA -,PADARIA RENOVO,104.0,11/05/2026,alimentos,RENOVOLTDA - LUIS GOMES
Luís Gomes,RENOVOLTDA -,PADARIA RENOVO,715.0,11/05/2026,alimentos,RENOVOLTDA - LUIS GOMES
Luís Gomes,RENOVOLTDA -,PADARIA RENOVO,210.0,11/05/2026,alimentos,RENOVOLTDA - LUIS GOMES
Cocalinho,CACIO FREIRES DOS SANTOS,CACIO FREIRES DOS SANTOS,350.0,11/05/2026,outros,- COCALINHO
Cocalinho,LTDA -,TIAGO DA MATA COUTINHO,500.0,11/05/2026,outros,LTDA - COCALINHO
Não identificada,LTDA,ATLANTICA AGROINDUSTRIAL LTDA,720.0,11/05/2026,outros,LTDA
Não identificada,SAM FRIOS,SAM FRIOS,1120.0,11/05/2026,alimentos,ME
Ipaumirim,WALMOR SORVETES E GELADOS,WALMOR SORVETES E GELADOS,720.0,11/05/2026,alimentos,IPAUMIRIM
Ipaumirim,OVOS       LTDA -,CAJÁ OVOS,2250.0,11/05/2026,alimentos,OVOS       LTDA - IPAUMIRIM
Maranguape,INDUSTRIAL LTDA -,GT EMBALAGENS,216.0,11/05/2026,alimentos,INDUSTRIAL LTDA - MARANGUAPE
Maranguape,PANIFICADORA SANTA TEREZINHA,PANIFICADORA SANTA TEREZINHA,708.0,11/05/2026,alimentos,MARANGUAPE
Ipaumirim,NUNES-,DAMIÃO PEREIRA NUNES,747.6,11/05/2026,outros,NUNES- IPAUMIRIM
Fortaleza,LTDA.,J. E. COMERCIO DE EMBALAGENS LTDA.,330.0,11/05/2026,alimentos,- FORTALEZA LTDA.
Não identificada,CHAVES (VERDURÃO),JOAQUIM RIVELINO DE SOUSA CHAVES,156.0,11/05/2026,outros,CHAVES (VERDURÃO)
Não identificada,CHAVES (VERDURÃO),JOAQUIM RIVELINO DE SOUSA CHAVES,62.0,11/05/2026,outros,CHAVES (VERDURÃO)
Luís Gomes,ZARUR LTDA -,POSTO ZARUR,200.0,11/05/2026,combustivel,ZARUR LTDA - LUIS GOMES
Não identificada,CERTO LTDA,SUPER MERCADO COMPRE CERTO LTDA,32.79,11/05/2026,outros,CERTO LTDA
Maranguape,LTDA LTDA -,A M DIESEL LTDA,41.9,11/05/2026,combustivel,LTDA LTDA - MARANGUAPE
Maranguape,FARMACIA POUPE BRASIL,FARMACIA POUPE BRASIL,12.0,11/05/2026,outros,- MARANGUAPE
Campo Grande,HERBERT WAGNER NOVAIS,HERBERT WAGNER NOVAIS,1108.0,11/05/2026,outros,- CAMPO GRANDE
Não identificada,LTDA,JURIAN BERNARDO DE ARAUJO LTDA,358.4,11/05/2026,outros,LTDA
Maranguape,LTDA -,BODEGAO ATACAREJO,804.8,11/05/2026,alimentos,LTDA - MARANGUAPE
Fortaleza,S.A.-,BRADESCO EST UNIF,1457.48,11/05/2026,outros,S.A.- FORTALEZA
Fortaleza,S.A.-,BRADESCO EST UNIF,801.06,11/05/2026,outros,S.A.- FORTALEZA
Campo Grande,INDUSTRIAL LTDA -,ENERGISA,265.94,11/05/2026,energia,INDUSTRIAL LTDA - CAMPO GRANDE
Fortaleza,SEFAZ INDUSTRIAL LTDA -,SEFAZ,271.29,11/05/2026,outros,SEFAZ INDUSTRIAL LTDA - FORTALEZA
Maranguape,LTDA -,ANA CAROLINA LEAL,320.0,11/05/2026,outros,LTDA - MARANGUAPE
Fortaleza,MARIA DA CONCEICAO PEDROSA,MARIA DA CONCEICAO PEDROSA,2379.34,11/05/2026,outros,FORTALEZA
Não identificada,LTDA,SUPERMERCADO COMETA LTDA,74.2,11/05/2026,alimentos,LTDA
Não identificada,LTDA,SUPERMERCADO COMETA LTDA,103.74,11/05/2026,alimentos,LTDA
Não identificada,LTDA,SUPERMERCADO COMETA LTDA,12.74,11/05/2026,alimentos,LTDA
Não identificada,MAIA,CASSIA HELEN FERREIRA MAIA,100.0,11/05/2026,outros,MAIA
Não identificada,LTDA GRANDE,POSTO KATIA LOCATELLI LTDA,167.62,11/05/2026,combustivel,LTDA GRANDE
Não identificada,LTDA GRANDE,POSTO KATIA LOCATELLI LTDA,200.0,11/05/2026,combustivel,LTDA GRANDE
Não identificada,LTDA GRANDE,POSTO KATIA LOCATELLI LTDA,200.0,11/05/2026,combustivel,LTDA GRANDE
Cocalinho,INDUSTRIAL LTDA -,CONSTRUKASA,74.0,11/05/2026,servicos,INDUSTRIAL LTDA - COCALINHO
Cocalinho,INDUSTRIAL LTDA -,CONSTRUKASA,8.4,11/05/2026,servicos,INDUSTRIAL LTDA - COCALINHO
Maranguape,PROGRESSO LTDA -,POSTO PROGRESSO,194.11,11/05/2026,combustivel,PROGRESSO LTDA - MARANGUAPE
Maranguape,BRASIL LTDA -,POSTO BRASIL,302.96,11/05/2026,combustivel,BRASIL LTDA - MARANGUAPE
Maranguape,BRASIL LTDA -,POSTO BRASIL,236.63,11/05/2026,combustivel,BRASIL LTDA - MARANGUAPE
Maranguape,LTDA LTDA -,A M DIESEL LTDA,329.12,11/05/2026,combustivel,LTDA LTDA - MARANGUAPE
Maranguape,PROGRESSO LTDA -,POSTO PROGRESSO,745.72,11/05/2026,combustivel,PROGRESSO LTDA - MARANGUAPE
Campo Grande,VIVOINDUSTRIAL LTDA -,VIVO,113.13,11/05/2026,outros,VIVOINDUSTRIAL LTDA - CAMPO GRANDE
Campo Grande,MAIS LTDA -,INTERNET MAIS,129.9,11/05/2026,servicos,MAIS LTDA - CAMPO GRANDE
Não identificada,MABELY,MABELY,112.5,11/05/2026,outros,
Fortaleza,AIRLINES LTDA -,LATAM AIRLINES,1292.99,11/05/2026,outros,AIRLINES LTDA - FORTALEZA
Fortaleza,MILHAS       LTDA -,MAX MILHAS,1705.09,11/05/2026,transporte,MILHAS       LTDA - FORTALEZA
Fortaleza,TATIANA ALVES DE QUEIROGA,TATIANA ALVES DE QUEIROGA,2500.0,12/05/2026,outros,- FORTALEZA
Fortaleza,SEGUROLTDA -,BRADESCO SEGURO,227.21,12/05/2026,outros,SEGUROLTDA - FORTALEZA
Não identificada,GOMES,FRANCINILDO MENDES DE OLIVEIRA,340.0,12/05/2026,outros,GOMES
Não identificada,GOMES LTDA,VO ITA FRIOS,4850.24,12/05/2026,alimentos,GOMES LTDA
Não identificada,GOMES LTDA,VO ITA FRIOS,11667.46,12/05/2026,alimentos,GOMES LTDA
Não identificada,LTDA,ATLANTICA AGROINDUSTRIAL LTDA,494.0,12/05/2026,outros,LTDA
Não identificada,GOMES LTDA,VO ITA FRIOS,3648.11,12/05/2026,alimentos,GOMES LTDA
Fortaleza,IRACILDA DE LIMA ROSSAS,IRACILDA DE LIMA ROSSAS,346.2,12/05/2026,pessoa_fisica,- FORTALEZA
Não identificada,LTDA,CWM INDUSTRIA ALIMENTICIA LTDA,5422.38,12/05/2026,outros,LTDA
Cocalinho,SAO LUIZ LTDA -,MEGA SAO LUIZ,1562.4,12/05/2026,alimentos,SAO LUIZ LTDA - COCALINHO
Não identificada,COMERCIO VAREJISTA,SUPERMECADO AVENIDA COMERCIO VAREJISTA,546.7,12/05/2026,alimentos,COMERCIO VAREJISTA
Não identificada,MABELY,MABELY,4762.0,12/05/2026,outros,
Não identificada,COMERCIO VAREJISTA,SUPERMECADO AVENIDA COMERCIO VAREJISTA,751.89,12/05/2026,alimentos,COMERCIO VAREJISTA
Não identificada,GOMES LTDA,VO ITA FRIOS,113.62,12/05/2026,alimentos,GOMES LTDA
Não identificada,MABELY,MABELY,2228.0,12/05/2026,outros,
Não identificada,LTDA,JURIAN BERNARDO DE ARAUJO LTDA,276.0,12/05/2026,outros,LTDA
Não identificada,INDUSTRIA E COMERCIO DE DOCES VALE VERDE,INDUSTRIA E COMERCIO DE DOCES VALE VERDE,1577.0,12/05/2026,outros,
Luís Gomes,OVOS         LTDA -,UNA OVOS,570.0,12/05/2026,alimentos,OVOS         LTDA - LUIS GOMES
Não identificada,DE FATIMA,HOTEL NOSSA SENHORA DE FATIMA,3838.5,12/05/2026,servicos,DE FATIMA
Não identificada,SANTOS,WMA HORTALIÇAS,3890.0,12/05/2026,alimentos,SANTOS
Não identificada,LTDA,SUPERMERCADO OLIVEIRA LTDA,41.86,12/05/2026,alimentos,LTDA
Não identificada,GRANDE,ESTANCIA JOIA COMERCIO DE HORTIFRUT,440.0,12/05/2026,alimentos,GRANDE
Ipaumirim,TELECOM  LTDA -,NETLINE TELECOM,49.55,12/05/2026,servicos,TELECOM  LTDA - IPAUMIRIM
Não identificada,GRANDE,H C INDUSTRIA DE ALIMENTOS LTDA,1132.67,12/05/2026,alimentos,GRANDE
Não identificada,SILVA,SUBERLANDIO ARAUJO DA SILVA,130.0,12/05/2026,outros,SILVA
Maranguape,LOCALIZA,LOCALIZA,136.67,12/05/2026,transporte,MARANGUAPE
Maranguape,LOCALIZA,LOCALIZA,4372.7,12/05/2026,transporte,MARANGUAPE
Cocalinho,,,240.0,12/05/2026,outros,- COCALINHO
Luís Gomes,RONICLEI MARTINS DUARTE,RONICLEI MARTINS DUARTE,2307.0,12/05/2026,pessoa_fisica,- LUIS GOMES
Não identificada,DE ALIMENTOS,HUNGRIA IND COMERCIO DE ALIMENTOS,1860.8,12/05/2026,alimentos,DE ALIMENTOS
Cocalinho,S. A LTDA -,ATACADAO,731.1,12/05/2026,alimentos,S. A LTDA - COCALINHO
Não identificada,LTDA,JURIAN BERNARDO DE ARAUJO LTDA,1558.0,12/05/2026,outros,LTDA
Não identificada,LTDA,JURIAN BERNARDO DE ARAUJO LTDA,168.0,12/05/2026,outros,LTDA
Ipaumirim,LTDA -,CASA DAS EMBALAGENS,281.0,12/05/2026,alimentos,LTDA - IPAUMIRIM
Ipaumirim,LTDA -,CASA DAS EMBALAGENS,600.0,12/05/2026,alimentos,LTDA - IPAUMIRIM
Não identificada,SAM FRIOS,SAM FRIOS,1119.98,12/05/2026,alimentos,ME
Não identificada,DE ALIMENTOS LTDA,SOLMAR DISTRIBUIDORA DE ALIMENTOS LTDA,913.53,12/05/2026,alimentos,DE ALIMENTOS LTDA
Não identificada,DE ALIMENTOS LTDA,SOLMAR DISTRIBUIDORA DE ALIMENTOS LTDA,206.16,12/05/2026,alimentos,DE ALIMENTOS LTDA
Não identificada,DE ALIMENTOS LTDA,SOLMAR DISTRIBUIDORA DE ALIMENTOS LTDA,149.4,12/05/2026,alimentos,DE ALIMENTOS LTDA
Não identificada,DE ALIMENTOS LTDA,SOLMAR DISTRIBUIDORA DE ALIMENTOS LTDA,45.89,12/05/2026,alimentos,DE ALIMENTOS LTDA
Não identificada,DE ALIMENTOS LTDA,SOLMAR DISTRIBUIDORA DE ALIMENTOS LTDA,1314.98,12/05/2026,alimentos,DE ALIMENTOS LTDA
Fortaleza,VILA      LTDA -,POSTO VILA,240.89,12/05/2026,combustivel,VILA      LTDA - FORTALEZA
Maranguape,INDUSTRIAL LTDA -,GT EMBALAGENS,21.0,12/05/2026,alimentos,INDUSTRIAL LTDA - MARANGUAPE
Maranguape,PANIFICADORA SANTA TEREZINHA,PANIFICADORA SANTA TEREZINHA,708.0,12/05/2026,alimentos,MARANGUAPE
Maranguape,ENERGIA SA LTDA -,COPA ENERGIA SA,6498.42,12/05/2026,energia,ENERGIA SA LTDA - MARANGUAPE
Não identificada,DE FATIMA,POSTO NOSSA SENHORA DE FATIMA,267.12,12/05/2026,combustivel,DE FATIMA
Não identificada,TELECOMUNICACOES S.A,BRISANET SERVICOS DE TELECOMUNICACOES S.,159.99,12/05/2026,servicos,TELECOMUNICACOES S.A
Não identificada,TELECOMUNICACOES S.A,BRISANET SERVICOS DE TELECOMUNICACOES S.,102.4,12/05/2026,servicos,TELECOMUNICACOES S.A
Não identificada,TELECOMUNICACOES S.A,BRISANET SERVICOS DE TELECOMUNICACOES S.,99.99,12/05/2026,servicos,TELECOMUNICACOES S.A
Luís Gomes,ZARUR LTDA -,POSTO ZARUR,200.0,12/05/2026,combustivel,ZARUR LTDA - LUIS GOMES
Luís Gomes,ZARUR LTDA -,POSTO ZARUR,200.0,12/05/2026,combustivel,ZARUR LTDA - LUIS GOMES
Não identificada,VEICULOS EIRELI - ME,DR AUTO CENTER PECAS PARA VEICULOS EIREL,300.0,12/05/2026,servicos,VEICULOS EIRELI - ME
Não identificada,DE ALIMENTOS LTDA,SOLMAR DISTRIBUIDORA DE ALIMENTOS LTDA,7914.14,12/05/2026,alimentos,DE ALIMENTOS LTDA
Maranguape,LTDA.,J. E. COMERCIO DE EMBALAGENS LTDA.,280.0,12/05/2026,alimentos,- MARANGUAPELTDA.
Não identificada,DE NOTAS,SOUSA CARTORIO 1º OFICIO DE NOTAS,241.0,12/05/2026,outros,DE NOTAS
Ipaumirim,INDUSTRIAL LTDA -,ED REFRIGERAÇÃO,440.0,12/05/2026,outros,INDUSTRIAL LTDA - IPAUMIRIM
Maranguape,LTDA -,CASA FREITAS,62.93,12/05/2026,outros,LTDA - MARANGUAPE
Maranguape,INDUSTRIAL LTDA -,D1 TUDO,30.0,12/05/2026,outros,INDUSTRIAL LTDA - MARANGUAPE
Maranguape,LTDA -,DANIEL COSTA CARMELINO,100.0,12/05/2026,outros,LTDA - MARANGUAPE
Cocalinho,LUIZA LTDA -,MAGAZINE LUIZA,496.16,12/05/2026,outros,LUIZA LTDA - COCALINHO
Cocalinho,LTDA -,AUTO POSTO KARAJAS,527.01,12/05/2026,combustivel,LTDA - COCALINHO
Cocalinho,LTDA -,AUTO POSTO KARAJAS,225.14,12/05/2026,combustivel,LTDA - COCALINHO
Não identificada,LTDA GRANDE,POSTO KATIA LOCATELLI LTDA,200.0,12/05/2026,combustivel,LTDA GRANDE
Cocalinho,POSTO KARAJASLTDA -,AUTO POSTO KARAJAS,325.64,12/05/2026,combustivel,POSTO KARAJASLTDA - COCALINHO
Cocalinho,PARAUNALTDA II    -,POSTO PARAUNA II,859.17,12/05/2026,combustivel,PARAUNALTDA II    - COCALINHO
Fortaleza,AZUL LINHAS AEREAS BRASILEIRAS,AZUL LINHAS AEREAS BRASILEIRAS,480.87,12/05/2026,transporte,- FORTALEZA
Luís Gomes,RENOVOLTDA -,PADARIA RENOVO,330.0,12/05/2026,alimentos,RENOVOLTDA - LUIS GOMES
Não identificada,E TURISMO,QUERO PASSAGEM VIAGEM E TURISMO,238.8,13/05/2026,transporte,E TURISMO
Luís Gomes,DO MECANICO  LTDA -,LOJA DO MECANICO,692.93,13/05/2026,outros,DO MECANICO  LTDA - LUIS GOMES
Luís Gomes,DO MECANICO  LTDA -,LOJA DO MECANICO,692.93,13/05/2026,outros,DO MECANICO  LTDA - LUIS GOMES
Luís Gomes,RENOVOLTDA -,PADARIA RENOVO,663.0,13/05/2026,alimentos,RENOVOLTDA - LUIS GOMES
Ipaumirim,JOSÉ LUIZ MOREIRA GOMES,JOSÉ LUIZ MOREIRA GOMES,888.0,13/05/2026,outros,- IPAUMIRIM
Ipaumirim,RONICLEI MARTINS DUARTE,RONICLEI MARTINS DUARTE,3124.0,13/05/2026,pessoa_fisica,- IPAUMIRIM
Não identificada,GOMES VAREJISTA,SUPERMECADO AVENIDA COMERCIO VAREJISTA,5707.22,13/05/2026,alimentos,GOMES VAREJISTA
Não identificada,GOMES VAREJISTA,SUPERMECADO AVENIDA COMERCIO VAREJISTA,98.52,13/05/2026,alimentos,GOMES VAREJISTA
Cocalinho,ALIMENTOSLTDA -,,812.0,13/05/2026,alimentos,ALIMENTOSLTDA - COCALINHO
Ipaumirim,RONICLEI MARTINS DUARTE,RONICLEI MARTINS DUARTE,777.0,13/05/2026,pessoa_fisica,- IPAUMIRIM
Cocalinho,COMERCIO A S GOIAS LTDA,COMERCIO A S GOIAS LTDA,17950.15,13/05/2026,outros,COCALINHO
Ipaumirim,LTDA,JURIAN BERNARDO DE ARAUJO LTDA,2335.35,13/05/2026,outros,IPAUMIRIMLTDA
Ipaumirim,LTDA,JURIAN BERNARDO DE ARAUJO LTDA,570.9,13/05/2026,outros,IPAUMIRIMLTDA
Ipaumirim,ANA BERNARDO DA SILVA,ANA BERNARDO DA SILVA,600.0,13/05/2026,outros,- IPAUMIRIM
Não identificada,GRANDE,ESTANCIA JOIA COMERCIO DE HORTIFRUT,2257.85,13/05/2026,alimentos,GRANDE
Não identificada,ALIMENTOS LTDA,VO ITA FRIOS,9625.92,13/05/2026,alimentos,ALIMENTOS LTDA
Não identificada,DE CARNES,SANTA LUZIA - ATACADO DE CARNES,1852.0,13/05/2026,alimentos,DE CARNES
Ipaumirim,LTDA -,HORTIFRUTI PAI ETERNO,145.0,13/05/2026,alimentos,LTDA - IPAUMIRIM
Não identificada,COMERCIO VAREJISTA,SUPERMECADO AVENIDA COMERCIO VAREJISTA,4877.9,13/05/2026,alimentos,COMERCIO VAREJISTA
Cocalinho,LTDA -,,5072.56,13/05/2026,outros,LTDA - COCALINHO
Não identificada,LTDA,JURIAN BERNARDO DE ARAUJO LTDA,250.0,13/05/2026,outros,LTDA
Não identificada,S/A     GRANDE,SENDAS DISTRIBUIDORA S/A,103.76,13/05/2026,alimentos,S/A     GRANDE
Ipaumirim,LTDA,JURIAN BERNARDO DE ARAUJO LTDA,1695.75,13/05/2026,outros,IPAUMIRIMLTDA
Cocalinho,PANIFICADORA PAO GOSTOSO,PANIFICADORA PAO GOSTOSO,700.0,13/05/2026,alimentos,- COCALINHO
Fortaleza,LTDA -    DE ALIMENTO,GV DA SILVEIRA DISTRIBUIDORA DE ALIMENTO,398.38,13/05/2026,alimentos,LTDA - FORTALEZA   DE ALIMENTO
Luís Gomes,ZARUR LTDA -,POSTO ZARUR,200.0,13/05/2026,combustivel,ZARUR LTDA - LUIS GOMES
Luís Gomes,ZARUR LTDA -,POSTO ZARUR,200.0,13/05/2026,combustivel,ZARUR LTDA - LUIS GOMES
Fortaleza,LTDA -    DE ALIMENTO,GV DA SILVEIRA DISTRIBUIDORA DE ALIMENTO,2500.09,13/05/2026,alimentos,LTDA - FORTALEZA   DE ALIMENTO
Não identificada,CRISTO,WELLITON DOS SANTOS CRISTO,260.86,13/05/2026,outros,CRISTO
Ipaumirim,FIOS     LTDA -,ELETRO FIOS,37.68,13/05/2026,energia,FIOS     LTDA - IPAUMIRIM
Não identificada,R. DIAS LEITE COMERCIO,SUPERMERCADO VITORIA R. DIAS LEITE COMER,1999.2,13/05/2026,alimentos,R. DIAS LEITE COMERCIO
Maranguape,PANIFICADORA SANTA TEREZINHA,PANIFICADORA SANTA TEREZINHA,708.0,13/05/2026,alimentos,MARANGUAPE
Não identificada,JUNIOR,JOSE BALTAZAR DE SALES JUNIOR,1524.0,13/05/2026,pessoa_fisica,JUNIOR
Não identificada,BARATAO LTDA,DSB-DISTRIBUIDORA SUPER BARATAO LTDA,4653.59,13/05/2026,alimentos,BARATAO LTDA
Campo Grande,ATACADISTALTDA -,FORTS ATACADISTA,7626.0,13/05/2026,outros,ATACADISTALTDA - CAMPO GRANDE
Luís Gomes,INDUSTRIAL LTDA -,SEFAZ,476.93,13/05/2026,outros,INDUSTRIAL LTDA - LUIS GOMES
Fortaleza,GOLDEN TOWER MARACANAU,GOLDEN TOWER MARACANAU,510.12,13/05/2026,outros,- FORTALEZA
Fortaleza,LTDA -,DARLEY DIAS BORGES,3500.0,13/05/2026,outros,LTDA - FORTALEZA
Fortaleza,GUSTAVO COLARES DE ALMEIDA,GUSTAVO COLARES DE ALMEIDA,800.0,13/05/2026,outros,FORTALEZA
Fortaleza,A LTDA LTDA -,HOTEL CAJAZEIRAS,484.5,13/05/2026,servicos,A LTDA LTDA - FORTALEZA
Fortaleza,VAZ     LTDA -,MARCOS VAZ,858.46,13/05/2026,outros,VAZ     LTDA - FORTALEZA
Maranguape,INDUSTRIAL LTDA -,GT EMBALAGENS,180.0,13/05/2026,alimentos,INDUSTRIAL LTDA - MARANGUAPE
Maranguape,INDUSTRIAL LTDA -,GT EMBALAGENS,282.0,13/05/2026,alimentos,INDUSTRIAL LTDA - MARANGUAPE
Cocalinho,COMERCIO A S GOIAS LTDA,COMERCIO A S GOIAS LTDA,1800.0,13/05/2026,outros,COCALINHO
Maranguape,LTDA -,DANIEL COSTA CARMELINO,1600.0,13/05/2026,outros,LTDA - MARANGUAPE
Cocalinho,ELTON RODRIGO GAVASSI,ELTON RODRIGO GAVASSI,48.42,13/05/2026,outros,- COCALINHO
Cocalinho,DO MECANICO LTDA -,LOJA DO MECANICO,409.45,13/05/2026,outros,DO MECANICO LTDA - COCALINHO
Cocalinho,DO MECANICO LTDA -,LOJA DO MECANICO,409.45,13/05/2026,outros,DO MECANICO LTDA - COCALINHO
Cocalinho,DO MECANICO LTDA -,LOJA DO MECANICO,409.45,13/05/2026,outros,DO MECANICO LTDA - COCALINHO
Maranguape,BRASIL LTDA -,POSTO BRASIL,352.97,13/05/2026,combustivel,BRASIL LTDA - MARANGUAPE
Maranguape,LTDA LTDA -,A M DIESEL LTDA,333.01,13/05/2026,combustivel,LTDA LTDA - MARANGUAPE
Maranguape,PROGRESSO LTDA -,POSTO PROGRESSO,277.77,13/05/2026,combustivel,PROGRESSO LTDA - MARANGUAPE
Ipaumirim,FRIA,PORFRIO SOLUCAO EM CAMARA FRIA,4333.34,13/05/2026,outros,IPAUMIRIMFRIA
Luís Gomes,LTDA -,EXPRESSO GUANABARA,98.92,13/05/2026,transporte,LTDA - LUIS GOMES
Ipaumirim,FRIA,PORFRIO SOLUCAO EM CAMARA FRIA,4333.34,13/05/2026,outros,IPAUMIRIMFRIA
Ipaumirim,FRIA,PORFRIO SOLUCAO EM CAMARA FRIA,4333.34,13/05/2026,outros,IPAUMIRIMFRIA
Cocalinho,LTDA -,AUTO POSTO KARAJAS,342.56,13/05/2026,combustivel,LTDA - COCALINHO
Não identificada,R. DIAS LEITE COMERCIO,SUPERMERCADO VITORIA R. DIAS LEITE COMER,35.98,13/05/2026,alimentos,R. DIAS LEITE COMERCIO
Não identificada,LTDA GRANDE,POSTO KATIA LOCATELLI LTDA,200.0,13/05/2026,combustivel,LTDA GRANDE
Fortaleza,HOTEL LTDA -,TAVARES HOTEL,211.1,13/05/2026,servicos,HOTEL LTDA - FORTALEZA
Fortaleza,AIRLINES LTDA -,LATAM AIRLINES,684.63,13/05/2026,outros,AIRLINES LTDA - FORTALEZA
Não identificada,E TURISMO,QUERO PASSAGEM VIAGEM E TURISMO,146.69,13/05/2026,transporte,E TURISMO
Não identificada,E TURISMO,QUERO PASSAGEM VIAGEM E TURISMO,208.0,13/05/2026,transporte,E TURISMO
Não identificada,E TURISMO,QUERO PASSAGEM VIAGEM E TURISMO,236.11,13/05/2026,transporte,E TURISMO
Não identificada,E TURISMO,QUERO PASSAGEM VIAGEM E TURISMO,402.76,13/05/2026,transporte,E TURISMO
Cocalinho,AZUL LINHAS AEREAS BRASILEIRAS,AZUL LINHAS AEREAS BRASILEIRAS,519.8,13/05/2026,transporte,- COCALINHO
Cocalinho,AZUL LINHAS AEREAS BRASILEIRAS,AZUL LINHAS AEREAS BRASILEIRAS,519.8,13/05/2026,transporte,- COCALINHO
Cocalinho,AZUL LINHAS AEREAS BRASILEIRAS,AZUL LINHAS AEREAS BRASILEIRAS,519.8,13/05/2026,transporte,- COCALINHO
Cocalinho,LINHAS AEREASLTDA -,GOL LINHAS AEREAS,319.8,13/05/2026,outros,LINHAS AEREASLTDA - COCALINHO
Cocalinho,LINHAS AEREASLTDA -,GOL LINHAS AEREAS,319.8,13/05/2026,outros,LINHAS AEREASLTDA - COCALINHO
Cocalinho,LINHAS AEREASLTDA -,GOL LINHAS AEREAS,319.8,13/05/2026,outros,LINHAS AEREASLTDA - COCALINHO
Maranguape,PROGRESSO LTDA -,POSTO PROGRESSO,2923.4,13/05/2026,combustivel,PROGRESSO LTDA - MARANGUAPE
Não identificada,FONSECA,MARIA DAS GRACAS FERREIRA FONSECA,1500.0,14/05/2026,outros,FONSECA
Não identificada,LTDA,EXPRESSO GUANABARA LTDA,592.49,14/05/2026,transporte,LTDA
Fortaleza,QUEIROGA LTDA -,OLIMPIO QUEIROGA,5000.0,14/05/2026,pessoa_fisica,QUEIROGA LTDA - FORTALEZA
Luís Gomes,ZARUR LTDA -,POSTO ZARUR,200.0,14/05/2026,combustivel,ZARUR LTDA - LUIS GOMES
Luís Gomes,ZARUR LTDA -,POSTO ZARUR,74.01,14/05/2026,combustivel,ZARUR LTDA - LUIS GOMES
Cocalinho,PADILHA DELTDAOLI-,,300.0,14/05/2026,outros,PADILHA DELTDAOLI- COCALINHO
Fortaleza,ENELINDUSTRIAL LTDA -,,518.32,14/05/2026,outros,ENELINDUSTRIAL LTDA - FORTALEZA
Luís Gomes,OVOS          LTDA -,UNA OVOS,380.0,14/05/2026,alimentos,OVOS          LTDA - LUIS GOMES
Luís Gomes,RENOVOLTDA -,PADARIA RENOVO,312.0,14/05/2026,alimentos,RENOVOLTDA - LUIS GOMES
Fortaleza,ENELINDUSTRIAL LTDA -,,227.1,14/05/2026,outros,ENELINDUSTRIAL LTDA - FORTALEZA
Ipaumirim,INDUSTRIAL LTDA -,CAGEPA,48.58,14/05/2026,outros,INDUSTRIAL LTDA - IPAUMIRIM
Não identificada,PETROLEO,F NOBRE COMERCIO DE PETROLEO,310.57,14/05/2026,outros,PETROLEO
Não identificada,PETROLEO,F NOBRE COMERCIO DE PETROLEO,541.72,14/05/2026,outros,PETROLEO
Cocalinho,SAO LUIZ LTDA -,MEGA SAO LUIZ,1562.4,14/05/2026,alimentos,SAO LUIZ LTDA - COCALINHO
Ipaumirim,BARBOSALTDA -,J B ALVES BARBOSA,72.9,14/05/2026,outros,BARBOSALTDA - IPAUMIRIM
Campo Grande,LTDA -,COMERCIO SAO PEDRO,156.84,14/05/2026,outros,LTDA - CAMPO GRANDE
Não identificada,S/A   GRANDE,SENDAS DISTRIBUIDORA S/A,1288.8,14/05/2026,alimentos,S/A   GRANDE
Não identificada,DE DOCES VALE VERDE LTDA,INDUSTRIA E COMERCIO DE DOCES VALE VERDE,816.52,14/05/2026,outros,DE DOCES VALE VERDE LTDA
Não identificada,INDUSTRIA E COMERCIO DE DOCES VALE VERDE,INDUSTRIA E COMERCIO DE DOCES VALE VERDE,1168.98,14/05/2026,outros,
Maranguape,PANIFICADORA SANTA TEREZINHA,PANIFICADORA SANTA TEREZINHA,732.0,14/05/2026,alimentos,MARANGUAPE
Não identificada,GRANDE LTDA,LBN INDUSTRIA E COM. DE ALIMENTOS LTDA,3960.0,14/05/2026,alimentos,GRANDE LTDA
Ipaumirim,SUPERMERCADO BOM PREÇO,SUPERMERCADO BOM PREÇO,257.88,14/05/2026,alimentos,IPAUMIRIM
Ipaumirim,LTDA -,HORTIFRUTI PAI ETERNO,240.0,14/05/2026,alimentos,LTDA - IPAUMIRIM
Não identificada,BARATAO LTDA,DSB-DISTRIBUIDORA SUPER BARATAO LTDA,808.01,14/05/2026,alimentos,BARATAO LTDA
Maranguape,LTDA -  DE ALIMENTO,GV DA SILVEIRA DISTRIBUIDORA DE ALIMENTO,6716.23,14/05/2026,alimentos,LTDA - MARANGUAPE DE ALIMENTO
Cocalinho,SAO LUIZ LTDA -,MEGA SAO LUIZ,1198.4,14/05/2026,alimentos,SAO LUIZ LTDA - COCALINHO
Cocalinho,SAO LUIZ LTDA -,MEGA SAO LUIZ,1439.52,14/05/2026,alimentos,SAO LUIZ LTDA - COCALINHO
Cocalinho,SAO LUIZ LTDA -,MEGA SAO LUIZ,153.6,14/05/2026,alimentos,SAO LUIZ LTDA - COCALINHO
Ipaumirim,AUTO POSTO BOM PREÇO,AUTO POSTO BOM PREÇO,480.0,14/05/2026,combustivel,- IPAUMIRIM
Não identificada,PROCESSADOS,ALIMEMPRO PRODUTOS PROCESSADOS,405.0,14/05/2026,outros,PROCESSADOS
Fortaleza,LTDA -   DE ALIMENTO,GV DA SILVEIRA DISTRIBUIDORA DE ALIMENTO,1261.17,14/05/2026,alimentos,LTDA - FORTALEZA  DE ALIMENTO
Campo Grande,EMBALAGENS  LTDA -,ELITE EMBALAGENS,1613.81,14/05/2026,alimentos,EMBALAGENS  LTDA - CAMPO GRANDE
Campo Grande,LTDA -,MULTFRIOS DISTRIBUIDORA,94.5,14/05/2026,alimentos,LTDA - CAMPO GRANDE
Campo Grande,LTDA -,MULTFRIOS DISTRIBUIDORA,704.08,14/05/2026,alimentos,LTDA - CAMPO GRANDE
Maranguape,CAROAINDUSTRIAL LTDA -,CAROA,4325.0,14/05/2026,outros,CAROAINDUSTRIAL LTDA - MARANGUAPE
Campo Grande,INDUSTRIAL LTDA -,ENERGISA,3738.89,14/05/2026,energia,INDUSTRIAL LTDA - CAMPO GRANDE
Campo Grande,INDUSTRIAL LTDA -,ENERGISA,381.04,14/05/2026,energia,INDUSTRIAL LTDA - CAMPO GRANDE
Luís Gomes,87       LTDA -,GARAGE 87,75.0,14/05/2026,outros,87       LTDA - LUIS GOMES
Fortaleza,LTDA -,DARLEY DIAS BORGES,3500.0,14/05/2026,outros,LTDA - FORTALEZA
Maranguape,INDUSTRIAL LTDA -,GT EMBALAGENS,1164.0,14/05/2026,alimentos,INDUSTRIAL LTDA - MARANGUAPE
Maranguape,INDUSTRIAL LTDA -,GT EMBALAGENS,50.0,14/05/2026,alimentos,INDUSTRIAL LTDA - MARANGUAPE
Não identificada,MATEUS SUPERMECADOS S A,MATEUS SUPERMECADOS S A,1747.5,14/05/2026,outros,SA
Não identificada,S.A,MATEUS SUPERMERCADOS S.A,85.92,14/05/2026,alimentos,S.A
Não identificada,MATEUS SUPERMECADOS S A,MATEUS SUPERMECADOS S A,1833.42,14/05/2026,outros,SA
Maranguape,INDUSTRIAL LTDA -,CAROA,603.0,14/05/2026,outros,INDUSTRIAL LTDA - MARANGUAPE
Maranguape,INDUSTRIAL LTDA -,GT EMBALAGENS,90.0,14/05/2026,alimentos,INDUSTRIAL LTDA - MARANGUAPE
Não identificada,LTDA GRANDE,POSTO KATIA LOCATELLI LTDA,200.0,14/05/2026,combustivel,LTDA GRANDE
Não identificada,MAQ E EQUIP,SALVADOR COMERCIAL DE MAQ E EQUIP,157.02,14/05/2026,outros,MAQ E EQUIP
Maranguape,BRASIL LTDA -,POSTO BRASIL,215.45,14/05/2026,combustivel,BRASIL LTDA - MARANGUAPE
Cocalinho,LUIZA LTDA -,MAGAZINE LUIZA,233.8,14/05/2026,outros,LUIZA LTDA - COCALINHO
Cocalinho,AZUL LINHAS AEREAS BRASILEIRAS,AZUL LINHAS AEREAS BRASILEIRAS,439.6,14/05/2026,transporte,- COCALINHO
Não identificada,NOGUEIRA,WILLIAM XIMENES BELCHIOR NOGUEIRA,650.0,14/05/2026,outros,NOGUEIRA
Cocalinho,BENTO AVILALTDA -,DANIEL BENTO AVILA,1700.0,14/05/2026,outros,BENTO AVILALTDA - COCALINHO
Não identificada,OLIVEIRA,RINALDO LOURENCO DE OLIVEIRA,350.0,14/05/2026,outros,OLIVEIRA
Cocalinho,WILKERSON DIEGO DE OLIVEIRA,WILKERSON DIEGO DE OLIVEIRA,200.0,14/05/2026,pessoa_fisica,COCALINHO
Cocalinho,KELLIANNY BARROSO LOPES,KELLIANNY BARROSO LOPES,200.0,14/05/2026,outros,- COCALINHO
Não identificada,GRANDE,QUERO PASSAGEM VIAGEM E TURISMO,110.79,14/05/2026,transporte,GRANDE
Cocalinho,LTDA -,AUTO POSTO KARAJAS,281.92,14/05/2026,combustivel,LTDA - COCALINHO
Cocalinho,LTDA -,AUTO POSTO KARAJAS,893.69,14/05/2026,combustivel,LTDA - COCALINHO
Cocalinho,LTDA -,AUTO POSTO KARAJAS,432.03,14/05/2026,combustivel,LTDA - COCALINHO
Cocalinho,LTDA -,MARISOL PRESENTES,286.9,14/05/2026,servicos,LTDA - COCALINHO
Campo Grande,LOCALIZA,LOCALIZA,5616.8,14/05/2026,transporte,CAMPO GRANDE
Não identificada,LOGISTICA E SERV LTDA,CBL CABO BRANCO COM LOGISTICA E SERV LTD,228.95,14/05/2026,outros,LOGISTICA E SERV LTDA
Fortaleza,AIRLINES LTDA -,LATAM AIRLINES,433.99,14/05/2026,outros,AIRLINES LTDA - FORTALEZA
Luís Gomes,LOCALIZA,LOCALIZA,304.95,14/05/2026,transporte,LUIS GOMES
Não identificada,E TURISMO,QUERO PASSAGEM VIAGEM E TURISMO,236.11,14/05/2026,transporte,E TURISMO
Não identificada,E TURISMO,QUERO PASSAGEM VIAGEM E TURISMO,240.0,14/05/2026,transporte,E TURISMO
Não identificada,LTDA,EXPRESSO GUANABARA LTDA,642.41,14/05/2026,transporte,LTDA
Não identificada,E TURISMO,QUERO PASSAGEM VIAGEM E TURISMO,712.78,14/05/2026,transporte,E TURISMO
Cocalinho,AI     LTDA -,EMBARCA AI,234.0,14/05/2026,transporte,AI     LTDA - COCALINHO
Não identificada,E TURISMO,QUERO PASSAGEM VIAGEM E TURISMO,236.11,14/05/2026,transporte,E TURISMO
Campo Grande,LOCALIZA,LOCALIZA,3407.23,14/05/2026,transporte,CAMPO GRANDE
Maranguape,CAROAINDUSTRIAL LTDA -,CAROA,4823.5,14/05/2026,outros,CAROAINDUSTRIAL LTDA - MARANGUAPE
Fortaleza,VIVOINDUSTRIAL LTDA -,VIVO,134.4,15/05/2026,outros,VIVOINDUSTRIAL LTDA - FORTALEZA
Ipaumirim,JOSÉ LUIZ MOREIRA GOMES,JOSÉ LUIZ MOREIRA GOMES,906.0,15/05/2026,outros,- IPAUMIRIM
Luís Gomes,CAR -SA,LOCALIZA,2213.63,15/05/2026,transporte,CAR -SALUIS GOMES
Ipaumirim,JOSÉ LUIZ MOREIRA GOMES,JOSÉ LUIZ MOREIRA GOMES,858.0,15/05/2026,outros,- IPAUMIRIM
Ipaumirim,JOSÉ LUIZ MOREIRA GOMES,JOSÉ LUIZ MOREIRA GOMES,168.0,15/05/2026,outros,- IPAUMIRIM
Ipaumirim,JOSÉ LUIZ MOREIRA GOMES,JOSÉ LUIZ MOREIRA GOMES,888.0,15/05/2026,outros,- IPAUMIRIM
Ipaumirim,JOSÉ LUIZ MOREIRA GOMES,JOSÉ LUIZ MOREIRA GOMES,672.0,15/05/2026,outros,- IPAUMIRIM
Ipaumirim,JOSÉ LUIZ MOREIRA GOMES,JOSÉ LUIZ MOREIRA GOMES,657.0,15/05/2026,outros,- IPAUMIRIM
Cocalinho,CACIO FREIRES DOS SANTOS,CACIO FREIRES DOS SANTOS,350.0,15/05/2026,outros,- COCALINHO
Ipaumirim,JOSÉ LUIZ MOREIRA GOMES,JOSÉ LUIZ MOREIRA GOMES,846.0,15/05/2026,outros,- IPAUMIRIM
Ipaumirim,JOSÉ LUIZ MOREIRA GOMES,JOSÉ LUIZ MOREIRA GOMES,672.0,15/05/2026,outros,- IPAUMIRIM
Ipaumirim,JOSÉ LUIZ MOREIRA GOMES,JOSÉ LUIZ MOREIRA GOMES,114.0,15/05/2026,outros,- IPAUMIRIM
Ipaumirim,JOSÉ LUIZ MOREIRA GOMES,JOSÉ LUIZ MOREIRA GOMES,888.0,15/05/2026,outros,- IPAUMIRIM
Não identificada,SANTOS,WMA HORTALIÇAS,3156.5,15/05/2026,alimentos,SANTOS
Luís Gomes,WALMOR SORVETES E GELADOS,WALMOR SORVETES E GELADOS,496.0,15/05/2026,alimentos,LUIS GOMES
Luís Gomes,RENOVOLTDA -,PADARIA RENOVO,663.0,15/05/2026,alimentos,RENOVOLTDA - LUIS GOMES
Luís Gomes,OVOS         LTDA -,UNA OVOS,380.0,15/05/2026,alimentos,OVOS         LTDA - LUIS GOMES
Fortaleza,LTDA -   DE ALIMENTO,GV DA SILVEIRA DISTRIBUIDORA DE ALIMENTO,7434.81,15/05/2026,alimentos,LTDA - FORTALEZA  DE ALIMENTO
Não identificada,LTDA,SUPERMERCADO OLIVEIRA LTDA,39.9,15/05/2026,alimentos,LTDA
Campo Grande,SEARA ALIMENTOS LTDA,SEARA ALIMENTOS LTDA,3460.33,15/05/2026,alimentos,- CAMPO GRANDE
Campo Grande,A          LTDA -,JBS S A,3346.33,15/05/2026,outros,A          LTDA - CAMPO GRANDE
Campo Grande,A          LTDA -,JBS S A,2611.88,15/05/2026,outros,A          LTDA - CAMPO GRANDE
Não identificada,GRANDE,ALVORADA LATICINIOS CAMPO GRANDE,810.3,15/05/2026,alimentos,GRANDE
Não identificada,GRANDE,H C INDUSTRIA DE ALIMENTOS LTDA,1483.14,15/05/2026,alimentos,GRANDE
Campo Grande,LTDA -,OTAVIO PERINI JUNIOR,1420.0,15/05/2026,outros,LTDA - CAMPO GRANDE
Não identificada,A    GRANDE,COMPANHIA ULTRAGAZ S A,5073.95,15/05/2026,outros,A    GRANDE
Ipaumirim,PREÇO-,AUTO POSTO BOM PREÇO,292.93,15/05/2026,combustivel,PREÇO- IPAUMIRIM
Ipaumirim,PREÇO-,AUTO POSTO BOM PREÇO,287.91,15/05/2026,combustivel,PREÇO- IPAUMIRIM
Ipaumirim,LTDA,NG DISTRIBUIDORA DE ALIMENTOS LTDA,25804.1,15/05/2026,alimentos,IPAUMIRIM LTDA
Fortaleza,LTDA,ANS E SERVISO EM TECNOLOGIA LTDA,99.95,15/05/2026,servicos,- FORTALEZALTDA
Cocalinho,LTDA-,CANTINA EM CASA LTDA,8475.0,15/05/2026,outros,LTDA- COCALINHO
Fortaleza,DOCE       LTDA -,KASA DOCE,1148.0,15/05/2026,outros,DOCE       LTDA - FORTALEZA
Não identificada,BARATAO LTDA,DSB-DISTRIBUIDORA SUPER BARATAO LTDA,10166.0,15/05/2026,alimentos,BARATAO LTDA
Não identificada,BARATAO LTDA,DSB-DISTRIBUIDORA SUPER BARATAO LTDA,3987.77,15/05/2026,alimentos,BARATAO LTDA
Campo Grande,LTDA -,MULTFRIOS DISTRIBUIDORA,605.2,15/05/2026,alimentos,LTDA - CAMPO GRANDE
Maranguape,LTDA -  DE ALIMENTO,GV DA SILVEIRA DISTRIBUIDORA DE ALIMENTO,12076.05,15/05/2026,alimentos,LTDA - MARANGUAPE DE ALIMENTO
Não identificada,EMBALAGENS LTDA,EFICAZ ATACADO DA LIMPEZA E EMBALAGENS L,568.44,15/05/2026,alimentos,EMBALAGENS LTDA
Cocalinho,SAO LUIZ LTDA -,MEGA SAO LUIZ,1478.37,15/05/2026,alimentos,SAO LUIZ LTDA - COCALINHO
Cocalinho,SAO LUIZ LTDA -,MEGA SAO LUIZ,115.2,15/05/2026,alimentos,SAO LUIZ LTDA - COCALINHO
Maranguape,PANIFICADORA SANTA TEREZINHA,PANIFICADORA SANTA TEREZINHA,450.0,15/05/2026,alimentos,MARANGUAPE
Não identificada,LTDA,ATLANTICA AGROINDUSTRIAL LTDA,1440.0,15/05/2026,outros,LTDA
Não identificada,S.A,MATEUS SUPERMERCADOS S.A,382.8,15/05/2026,alimentos,S.A
Não identificada,S.A,MATEUS SUPERMERCADOS S.A,1569.17,15/05/2026,alimentos,S.A
Fortaleza,TECH LTDA -,GASTRO TECH,700.0,15/05/2026,energia,TECH LTDA - FORTALEZA
Fortaleza,ANDERSON DIAS DE SOUSA,ANDERSON DIAS DE SOUSA,600.0,15/05/2026,outros,- FORTALEZA
Não identificada,BARATAO LTDA,DSB-DISTRIBUIDORA SUPER BARATAO LTDA,3332.4,15/05/2026,alimentos,BARATAO LTDA
Não identificada,S.A,MATEUS SUPERMERCADOS S.A,1951.97,15/05/2026,alimentos,S.A
Maranguape,LTDA -,ATACAREJO O IRMAO,224.9,15/05/2026,alimentos,LTDA - MARANGUAPE
Fortaleza,LTDA -,BODEGAO ATACAREJO,233.5,15/05/2026,alimentos,LTDA - FORTALEZA
Fortaleza,LTDA,SIMAG COMERCIO DE DOMISSANITARIOS LTDA,290.0,15/05/2026,outros,- FORTALEZA      LTDA
Maranguape,CASA       LTDA -,LOBOS CASA,60.0,15/05/2026,outros,CASA       LTDA - MARANGUAPE
Não identificada,LTDA GRANDE,POSTO KATIA LOCATELLI LTDA,200.0,15/05/2026,combustivel,LTDA GRANDE
Não identificada,LTDA GRANDE,POSTO KATIA LOCATELLI LTDA,200.0,15/05/2026,combustivel,LTDA GRANDE
Não identificada,LTDA GRANDE,POSTO KATIA LOCATELLI LTDA,200.0,15/05/2026,combustivel,LTDA GRANDE
Ipaumirim,AZUL LINHAS AEREAS BRASILEIRAS,AZUL LINHAS AEREAS BRASILEIRAS,446.78,15/05/2026,transporte,- IPAUMIRIM
Ipaumirim,AZUL LINHAS AEREAS BRASILEIRAS,AZUL LINHAS AEREAS BRASILEIRAS,446.78,15/05/2026,transporte,- IPAUMIRIM
Ipaumirim,AZUL LINHAS AEREAS BRASILEIRAS,AZUL LINHAS AEREAS BRASILEIRAS,446.78,15/05/2026,transporte,- IPAUMIRIM
Maranguape,PROGRESSO  LTDA -,POSTO PROGRESSO,283.73,15/05/2026,combustivel,PROGRESSO  LTDA - MARANGUAPE
Maranguape,BRASIL LTDA -,POSTO BRASIL,335.98,15/05/2026,combustivel,BRASIL LTDA - MARANGUAPE
Não identificada,LTDA POSTO SD CIDADE,HI COMERCIO DE PETROLEO LTDA POSTO SD CI,52.37,15/05/2026,combustivel,LTDA POSTO SD CIDADE
Maranguape,PROGRESSO  LTDA -,POSTO PROGRESSO,699.91,15/05/2026,combustivel,PROGRESSO  LTDA - MARANGUAPE
Cocalinho,LTDA -,KAIKE JOSE DO NASCIMENTO,350.0,15/05/2026,pessoa_fisica,LTDA - COCALINHO
Cocalinho,LTDA -,ERICLES MIKAEL GALDINO,350.0,15/05/2026,outros,LTDA - COCALINHO
Não identificada,GRANDE,QUERO PASSAGEM VIAGEM E TURISMO,95.98,15/05/2026,transporte,GRANDE
Campo Grande,MILHAS       LTDA -,MAX MILHAS,1533.39,15/05/2026,transporte,MILHAS       LTDA - CAMPO GRANDE
Cocalinho,LTDA -,AUTO POSTO KARAJAS,265.7,15/05/2026,combustivel,LTDA - COCALINHO
Cocalinho,LTDA -,AUTO POSTO KARAJAS,251.33,15/05/2026,combustivel,LTDA - COCALINHO
Cocalinho,LTDA -,NOVA OPCAO PAPELARIA,1350.8,15/05/2026,outros,LTDA - COCALINHO
Não identificada,E COMERCIO,SLASER LIMEIRA INDUSTRIA E COMERCIO,2835.0,15/05/2026,outros,E COMERCIO
Fortaleza,LUIZA LTDA -,MAGAZINE LUIZA,92.0,15/05/2026,outros,LUIZA LTDA - FORTALEZA
Campo Grande,INDUSTRIAL LTDA -,,207.5,15/05/2026,outros,INDUSTRIAL LTDA - CAMPO GRANDE
Campo Grande,INDUSTRIAL LTDA -,SEFAZ,10117.25,15/05/2026,outros,INDUSTRIAL LTDA - CAMPO GRANDE
Cocalinho,PARAUNALTDA II    -,POSTO PARAUNA II,739.2,15/05/2026,combustivel,PARAUNALTDA II    - COCALINHO
Campo Grande,AIRLINES LTDA -,LATAM AIRLINES,762.24,15/05/2026,outros,AIRLINES LTDA - CAMPO GRANDE
Fortaleza,INDUSTRIAL LTDA -,SEFAZ,486.26,15/05/2026,outros,INDUSTRIAL LTDA - FORTALEZA
Fortaleza,INDUSTRIAL LTDA -,GODADDY,683.4,15/05/2026,outros,INDUSTRIAL LTDA - FORTALEZA
Maranguape,LTDA LTDA -,A M DIESEL LTDA,255.1,15/05/2026,combustivel,LTDA LTDA - MARANGUAPE
Ipaumirim,JOSÉ LUIZ MOREIRA GOMES,JOSÉ LUIZ MOREIRA GOMES,657.0,16/05/2026,outros,- IPAUMIRIM
Não identificada,LTDA,JURIAN BERNARDO DE ARAUJO LTDA,33.0,16/05/2026,outros,LTDA
Luís Gomes,RENOVOLTDA -,PADARIA RENOVO,216.0,16/05/2026,alimentos,RENOVOLTDA - LUIS GOMES
Não identificada,GOMES LTDA,VO ITA FRIOS,231.26,16/05/2026,alimentos,GOMES LTDA
Ipaumirim,OVOS       LTDA -,CAJÁ OVOS,2070.0,16/05/2026,alimentos,OVOS       LTDA - IPAUMIRIM
Não identificada,SILVA,SUBERLANDIO ARAUJO DA SILVA,37.5,16/05/2026,outros,SILVA
Não identificada,MABELY,MABELY,900.0,16/05/2026,outros,
Ipaumirim,INDUSTRIAL LTDA -,ENERGISA,251.02,16/05/2026,energia,INDUSTRIAL LTDA - IPAUMIRIM
Não identificada,GRANDE,ESTANCIA JOIA COMERCIO DE HORTIFRUT,3353.5,16/05/2026,alimentos,GRANDE
Cocalinho,S. A LTDA -,ATACADAO,37388.23,16/05/2026,alimentos,S. A LTDA - COCALINHO
Não identificada,DE ALIMENTOS,HUNGRIA IND COMERCIO DE ALIMENTOS,27084.0,16/05/2026,alimentos,DE ALIMENTOS
Cocalinho,MULTICANAL ATACADO LTDA,MULTICANAL ATACADO LTDA,6349.67,16/05/2026,outros,COCALINHO
Ipaumirim,LTDA -,CASA DAS EMBALAGENS,730.0,16/05/2026,alimentos,LTDA - IPAUMIRIM
Não identificada,DE ALIMENTOS SA,NOVO ATACADO COMERCIO DE ALIMENTOS SA,2061.04,16/05/2026,alimentos,DE ALIMENTOS SA
Ipaumirim,WALMOR SORVETES E GELADOS,WALMOR SORVETES E GELADOS,840.0,16/05/2026,alimentos,IPAUMIRIM
Campo Grande,LTDA -,MULTFRIOS DISTRIBUIDORA,1416.75,16/05/2026,alimentos,LTDA - CAMPO GRANDE
Fortaleza,IRACILDA DE LIMA ROSSAS,IRACILDA DE LIMA ROSSAS,219.9,16/05/2026,pessoa_fisica,- FORTALEZA
Fortaleza,IRACILDA DE LIMA ROSSAS,IRACILDA DE LIMA ROSSAS,756.2,16/05/2026,pessoa_fisica,- FORTALEZA
Fortaleza,IRACILDA DE LIMA ROSSAS,IRACILDA DE LIMA ROSSAS,976.1,16/05/2026,pessoa_fisica,- FORTALEZA
Fortaleza,LTDA.,J. E. COMERCIO DE EMBALAGENS LTDA.,469.0,16/05/2026,alimentos,- FORTALEZA  LTDA.
Fortaleza,LTDA.,J. E. COMERCIO DE EMBALAGENS LTDA.,1012.0,16/05/2026,alimentos,- FORTALEZA  LTDA.
Fortaleza,IRACILDA DE LIMA ROSSAS,IRACILDA DE LIMA ROSSAS,382.5,16/05/2026,pessoa_fisica,- FORTALEZA
Cocalinho,SAO LUIZ LTDA -,MEGA SAO LUIZ,1537.2,16/05/2026,alimentos,SAO LUIZ LTDA - COCALINHO
Cocalinho,SAO LUIZ LTDA -,MEGA SAO LUIZ,75.0,16/05/2026,alimentos,SAO LUIZ LTDA - COCALINHO
Cocalinho,REAL     LTDA -,DOCES REAL,6751.01,16/05/2026,outros,REAL     LTDA - COCALINHO
Maranguape,PANIFICADORA SANTA TEREZINHA,PANIFICADORA SANTA TEREZINHA,654.0,16/05/2026,alimentos,MARANGUAPE
Luís Gomes,ZARUR LTDA -,POSTO ZARUR,250.0,16/05/2026,combustivel,ZARUR LTDA - LUIS GOMES
Maranguape,CAROA INDUSTRIAL LTDA -,CAROA,2740.6,16/05/2026,outros,CAROA INDUSTRIAL LTDA - MARANGUAPE
Ipaumirim,AUTO POSTO BOM PREÇO,AUTO POSTO BOM PREÇO,186.47,16/05/2026,combustivel,- IPAUMIRIM
Campo Grande,DELLYS FOOD SERVICE LTDA,DELLYS FOOD SERVICE LTDA,2760.03,16/05/2026,alimentos,CAMPO GRANDE
Não identificada,R. DIAS LEITE COMERCIO,SUPERMERCADO VITORIA R. DIAS LEITE COMER,107.96,16/05/2026,alimentos,R. DIAS LEITE COMERCIO
Não identificada,R. DIAS LEITE COMERCIO,SUPERMERCADO VITORIA R. DIAS LEITE COMER,104.97,16/05/2026,alimentos,R. DIAS LEITE COMERCIO
Não identificada,DE ALIMENTOS ADM,CASTANHAO DISTRIBUIDORA DE ALIMENTOS ADM,3219.9,16/05/2026,alimentos,DE ALIMENTOS ADM
Fortaleza,MILLENNUMLTDA -,POSTO MILLENNUM,230.51,16/05/2026,combustivel,MILLENNUMLTDA - FORTALEZA
Não identificada,LTDA GRANDE,POSTO KATIA LOCATELLI LTDA,200.0,16/05/2026,combustivel,LTDA GRANDE
Cocalinho,LTDA -,LOJAO DAS EMBALAGENS,9672.67,16/05/2026,alimentos,LTDA - COCALINHO
Maranguape,LTDA LTDA -,A M DIESEL LTDA,311.0,16/05/2026,combustivel,LTDA LTDA - MARANGUAPE
Cocalinho,LTDA -,AUTO POSTO KARAJAS,100.15,16/05/2026,combustivel,LTDA - COCALINHO
Cocalinho,LTDA -,AUTO POSTO KARAJAS,260.19,16/05/2026,combustivel,LTDA - COCALINHO
Fortaleza,LOCALIZA,LOCALIZA,3407.71,16/05/2026,transporte,FORTALEZA
Não identificada,LTDA,B. SUSUKI E- COMMERCE LTDA,72.17,16/05/2026,outros,LTDA
Não identificada,DE MATO GROSSO,SECRETARIA DO ESTADO DE MATO GROSSO,47182.33,17/05/2026,outros,DE MATO GROSSO
Não identificada,DE MATO GROSSO,SECRETARIA DO ESTADO DE MATO GROSSO,23158.47,17/05/2026,outros,DE MATO GROSSO
Não identificada,POSTO ALTERNATIVA DE COMBUSTIVEL E SERVI,POSTO ALTERNATIVA DE COMBUSTIVEL E SERVI,281.16,17/05/2026,combustivel,
Maranguape,PANIFICADORA SANTA TEREZINHA,PANIFICADORA SANTA TEREZINHA,228.0,17/05/2026,alimentos,MARANGUAPE
Luís Gomes,ZARUR LTDA -,POSTO ZARUR,200.0,17/05/2026,combustivel,ZARUR LTDA - LUIS GOMES
Luís Gomes,ZARUR LTDA -,POSTO ZARUR,200.0,17/05/2026,combustivel,ZARUR LTDA - LUIS GOMES
Não identificada,DE FATIMA,POSTO NOSSA SENHORA DE FATIMA,250.08,17/05/2026,combustivel,DE FATIMA
Campo Grande,NET      LTDA -,DIGITAL NET,209.9,17/05/2026,servicos,NET      LTDA - CAMPO GRANDE
Fortaleza,AZUL LINHAS AEREAS BRASILEIRAS,AZUL LINHAS AEREAS BRASILEIRAS,610.17,17/05/2026,transporte,- FORTALEZA
Fortaleza,AZUL LINHAS AEREAS BRASILEIRAS,AZUL LINHAS AEREAS BRASILEIRAS,610.17,17/05/2026,transporte,- FORTALEZA
Não identificada,DE FATIMA,POSTO NOSSA SENHORA DE FATIMA,3325.42,17/05/2026,combustivel,DE FATIMA
Não identificada,LTDA,ABCOMPRAS UTILIDADES LTDA,558.4,17/05/2026,outros,LTDA
Não identificada,LTDA,B. SUSUKI E- COMMERCE LTDA,216.51,17/05/2026,outros,LTDA
Não identificada,PECAS,PONTO A IMPORTS AUTO PECAS,279.9,18/05/2026,servicos,PECAS
Fortaleza,MANOEL QUEIROGA DE OLIVEIRA,MANOEL QUEIROGA DE OLIVEIRA,7500.0,18/05/2026,outros,FORTALEZA
Não identificada,DE ALIMENTOS LTDA,SOLMAR DISTRIBUIDORA DE ALIMENTOS LTDA,590.4,18/05/2026,alimentos,DE ALIMENTOS LTDA
Não identificada,S.A,MATEUS SUPERMERCADOS S.A,2431.85,18/05/2026,alimentos,S.A
Luís Gomes,LTDA -,MERCEARIA BORGES,48.0,18/05/2026,alimentos,LTDA - LUIS GOMES
Luís Gomes,OVOS         LTDA -,UNA OVOS,380.0,18/05/2026,alimentos,OVOS         LTDA - LUIS GOMES
Luís Gomes,RENOVOLTDA -,PADARIA RENOVO,669.5,18/05/2026,alimentos,RENOVOLTDA - LUIS GOMES
Luís Gomes,RENOVOLTDA -,PADARIA RENOVO,260.0,18/05/2026,alimentos,RENOVOLTDA - LUIS GOMES
Não identificada,MABELY,MABELY,210.0,18/05/2026,outros,
Fortaleza,LTDA -,BODEGAO ATACAREJO,2421.0,18/05/2026,alimentos,LTDA - FORTALEZA
Fortaleza,DISTRIBUIDORALTDA -,MDL DISTRIBUIDORA,5409.8,18/05/2026,alimentos,DISTRIBUIDORALTDA - FORTALEZA
Não identificada,LTDA,GERARDOS DISTRIBUIDORA LTDA,5240.4,18/05/2026,alimentos,LTDA
Campo Grande,VNS EMBALAGENS LTDA,VNS EMBALAGENS LTDA,593.31,18/05/2026,alimentos,- CAMPO GRANDE
Ipaumirim,JOSÉ LUIZ MOREIRA GOMES,JOSÉ LUIZ MOREIRA GOMES,828.0,18/05/2026,outros,- IPAUMIRIM
Ipaumirim,FRUTAS LTDA -,TARCIO FRUTAS,7824.0,18/05/2026,alimentos,FRUTAS LTDA - IPAUMIRIM
Ipaumirim,DAMIÃO CAJAZEIRAS UTILIDADES,DAMIÃO CAJAZEIRAS UTILIDADES,571.2,18/05/2026,outros,- IPAUMIRIM
Não identificada,MATEUS SUPERMECADOS S A,MATEUS SUPERMECADOS S A,1400.0,18/05/2026,outros,SA
Ipaumirim,JOSÉ LUIZ MOREIRA GOMES,JOSÉ LUIZ MOREIRA GOMES,798.0,18/05/2026,outros,- IPAUMIRIM
Maranguape,PANIFICADORA SANTA TEREZINHA,PANIFICADORA SANTA TEREZINHA,762.0,18/05/2026,alimentos,MARANGUAPE
Ipaumirim,LTDA -,HORTIFRUTI PAI ETERNO,1036.0,18/05/2026,alimentos,LTDA - IPAUMIRIM
Não identificada,DE ALIMENTOS SA,NOVO ATACADO COMERCIO DE ALIMENTOS SA,1526.56,18/05/2026,alimentos,DE ALIMENTOS SA
Luís Gomes,ZARUR LTDA -,POSTO ZARUR,230.0,18/05/2026,combustivel,ZARUR LTDA - LUIS GOMES
Não identificada,SANTOS,WMA HORTALIÇAS,3140.0,18/05/2026,alimentos,SANTOS
Luís Gomes,INDUSTRIAL LTDA -,ALBUINO,40.0,18/05/2026,outros,INDUSTRIAL LTDA - LUIS GOMES
Cocalinho,SAO LUIZ LTDA -,MEGA SAO LUIZ,1537.2,18/05/2026,alimentos,SAO LUIZ LTDA - COCALINHO
Não identificada,DE ALIMENTOS LTDA,SOLMAR DISTRIBUIDORA DE ALIMENTOS LTDA,957.62,18/05/2026,alimentos,DE ALIMENTOS LTDA
Não identificada,DE ALIMENTOS LTDA,SOLMAR DISTRIBUIDORA DE ALIMENTOS LTDA,538.46,18/05/2026,alimentos,DE ALIMENTOS LTDA
Não identificada,DE ALIMENTOS LTDA,SOLMAR DISTRIBUIDORA DE ALIMENTOS LTDA,1496.08,18/05/2026,alimentos,DE ALIMENTOS LTDA
Fortaleza,IRACILDA DE LIMA ROSSAS,IRACILDA DE LIMA ROSSAS,208.0,18/05/2026,pessoa_fisica,- FORTALEZA
Fortaleza,INDUSTRIAL LTDA -,BRF S.A,466.99,18/05/2026,alimentos,INDUSTRIAL LTDA - FORTALEZA
Fortaleza,LTDA -  DE ALIMENTO,GV DA SILVEIRA DISTRIBUIDORA DE ALIMENTO,3074.74,18/05/2026,alimentos,LTDA - FORTALEZA DE ALIMENTO
Ipaumirim,AUTO POSTO BOM PREÇO,AUTO POSTO BOM PREÇO,173.9,18/05/2026,combustivel,- IPAUMIRIM
Ipaumirim,AUTO POSTO BOM PREÇO,AUTO POSTO BOM PREÇO,971.7,18/05/2026,combustivel,- IPAUMIRIM
Fortaleza,LTDA -,MERCADINHO ABENCOADO,48.0,18/05/2026,outros,LTDA - FORTALEZA
Cocalinho,LTDA -,LOJAO DAS EMBALAGENS,16259.9,18/05/2026,alimentos,LTDA - COCALINHO
Ipaumirim,INDUSTRIAL LTDA -,LGE EQUIPAMENTOS,420.0,18/05/2026,servicos,INDUSTRIAL LTDA - IPAUMIRIM
Ipaumirim,S.A -,MAGAZINE LUIZA S.A,2776.2,18/05/2026,outros,S.A - IPAUMIRIM
Fortaleza,LTDA -,MERCADINHO ABENCOADO,48.0,18/05/2026,outros,LTDA - FORTALEZA
Maranguape,INDUSTRIAL LTDA -,GT EMBALAGENS,2268.0,18/05/2026,alimentos,INDUSTRIAL LTDA - MARANGUAPE
Maranguape,LTDA -,LOJA DE CONSTRUTOR,15.4,18/05/2026,outros,LTDA - MARANGUAPE
Maranguape,LTDA -,ERNANES VARIEDADES,60.0,18/05/2026,outros,LTDA - MARANGUAPE
Não identificada,GRANDE,BORRACHARIA E LAVA JATO ESMERALDA,120.0,18/05/2026,servicos,GRANDE
Maranguape,SUPERMERCADO NOVO MARANGUAPE,SUPERMERCADO NOVO MARANGUAPE,126.9,18/05/2026,alimentos,MARANGUAPE
Maranguape,SUPERMERCADO NOVO MARANGUAPE,SUPERMERCADO NOVO MARANGUAPE,5.98,18/05/2026,alimentos,MARANGUAPE
Não identificada,E TURISMO,QUERO PASSAGEM VIAGEM E TURISMO,97.9,18/05/2026,transporte,E TURISMO
Não identificada,ATACADO E VAREJO,TR ALIMENTOS DISTRIBUIDORA ATACADO E VAR,80.0,18/05/2026,alimentos,ATACADO E VAREJO
Não identificada,LTDA,BRILTEC SERVICO E COMERCIO LTDA,245.0,18/05/2026,outros,LTDA
Não identificada,LTDA GRANDE,POSTO KATIA LOCATELLI LTDA,200.0,18/05/2026,combustivel,LTDA GRANDE
Não identificada,LTDA GRANDE,POSTO KATIA LOCATELLI LTDA,200.0,18/05/2026,combustivel,LTDA GRANDE
Maranguape,LTDA -,ANA CAROLINE FERREIRA,500.0,18/05/2026,outros,LTDA - MARANGUAPE
Maranguape,LTDA -,DANIEL COSTA CARMELINO,460.0,18/05/2026,outros,LTDA - MARANGUAPE
Não identificada,LTDA,EXPRESSO GUANABARA LTDA,207.89,18/05/2026,transporte,LTDA
Campo Grande,LTDA -,CHURRASCARIA COLONO,100.0,18/05/2026,outros,LTDA - CAMPO GRANDE
Maranguape,LTDA -,POSTO BRASIL PETRO,310.07,18/05/2026,combustivel,LTDA - MARANGUAPE
Cocalinho,CACIO FREIRES DOS SANTOS,CACIO FREIRES DOS SANTOS,350.0,18/05/2026,outros,- COCALINHO
Cocalinho,LTDA -,AUTO POSTO KARAJAS,879.33,18/05/2026,combustivel,LTDA - COCALINHO
Cocalinho,LTDA -,AUTO POSTO KARAJAS,296.06,18/05/2026,combustivel,LTDA - COCALINHO
Cocalinho,LTDA -,AUTO POSTO KARAJAS,272.34,18/05/2026,combustivel,LTDA - COCALINHO
Cocalinho,SAO LUIZ LTDA -,MEGA SAO LUIZ,154.97,18/05/2026,alimentos,SAO LUIZ LTDA - COCALINHO
Cocalinho,SAO LUIZ LTDA -,MEGA SAO LUIZ,25.99,18/05/2026,alimentos,SAO LUIZ LTDA - COCALINHO
Maranguape,CAR -SA,LOCALIZA,4596.82,18/05/2026,transporte,CAR -SAMARANGUAPE
Não identificada,S.A,MATEUS SUPERMERCADOS S.A,1997.76,19/05/2026,alimentos,S.A
Maranguape,INDUSTRIAL LTDA -,FRIGOTOP,321.4,19/05/2026,outros,INDUSTRIAL LTDA - MARANGUAPE
Não identificada,MABELY,MABELY,70.0,19/05/2026,outros,
Luís Gomes,OVOS          LTDA -,UNA OVOS,570.0,19/05/2026,alimentos,OVOS          LTDA - LUIS GOMES
Luís Gomes,RENOVOLTDA -,PADARIA RENOVO,318.0,19/05/2026,alimentos,RENOVOLTDA - LUIS GOMES
Não identificada,MABELY,MABELY,4591.5,19/05/2026,outros,
Não identificada,MABELY,MABELY,21.0,19/05/2026,outros,
Fortaleza,LTDA -,MERCADINHO ABENCOADO,92.0,19/05/2026,outros,LTDA - FORTALEZA
Não identificada,LTDA,SUPERMERCADO COMETA LTDA,44.95,19/05/2026,alimentos,LTDA
Ipaumirim,LTDA,NG DISTRIBUIDORA DE ALIMENTOS LTDA,27947.18,19/05/2026,alimentos,IPAUMIRIM LTDA
Cocalinho,INDUSTRIAL LTDA -,CONSTRUKASA,430.5,19/05/2026,servicos,INDUSTRIAL LTDA - COCALINHO
Não identificada,GRANDE,H C INDUSTRIA DE ALIMENTOS LTDA,1289.11,19/05/2026,alimentos,GRANDE
Não identificada,GOMES LTDA,VO ITA FRIOS,2236.44,19/05/2026,alimentos,GOMES LTDA
Não identificada,GOMES LTDA,VO ITA FRIOS,5236.15,19/05/2026,alimentos,GOMES LTDA
Não identificada,LTDA,GERARDOS DISTRIBUIDORA LTDA,5240.4,19/05/2026,alimentos,LTDA
Não identificada,GOMES LTDA,VO ITA FRIOS,4193.6,19/05/2026,alimentos,GOMES LTDA
Não identificada,DO ESTADO DO CEARÁ,SECRETARIA DA FAZENDA DO ESTADO DO CEARÁ,486.2,19/05/2026,outros,DO ESTADO DO CEARÁ
Não identificada,LTDA,JURIAN BERNARDO DE ARAUJO LTDA,94.5,19/05/2026,outros,LTDA
Não identificada,LTDA,JURIAN BERNARDO DE ARAUJO LTDA,60.6,19/05/2026,outros,LTDA
Luís Gomes,LTDA,NG DISTRIBUIDORA DE ALIMENTOS LTDA,1648.59,19/05/2026,alimentos,LUIS GOMES LTDA
Luís Gomes,LTDA,NG DISTRIBUIDORA DE ALIMENTOS LTDA,6754.0,19/05/2026,alimentos,LUIS GOMES LTDA
Não identificada,ALIMENTOS LTDA,VO ITA FRIOS,7163.08,19/05/2026,alimentos,ALIMENTOS LTDA
Não identificada,DE ALIMENTOS SA,NOVO ATACADO COMERCIO DE ALIMENTOS SA,1985.76,19/05/2026,alimentos,DE ALIMENTOS SA
Ipaumirim,LTDA -,HORTIFRUTI PAI ETERNO,285.5,19/05/2026,alimentos,LTDA - IPAUMIRIM
Fortaleza,LTDA -,BODEGAO ATACAREJO,2489.2,19/05/2026,alimentos,LTDA - FORTALEZA
Fortaleza,DISTRIBUIDORA LTDA -,MDL DISTRIBUIDORA,5409.8,19/05/2026,alimentos,DISTRIBUIDORA LTDA - FORTALEZA
Maranguape,PANIFICADORA SANTA TEREZINHA,PANIFICADORA SANTA TEREZINHA,762.0,19/05/2026,alimentos,MARANGUAPE
Cocalinho,SAO LUIZ LTDA -,MEGA SAO LUIZ,1869.0,19/05/2026,alimentos,SAO LUIZ LTDA - COCALINHO
Não identificada,SAM FRIOS,SAM FRIOS,1189.9,19/05/2026,alimentos,ME
Ipaumirim,TEREZINHA INACIO DA SILVA,TEREZINHA INACIO DA SILVA,900.0,19/05/2026,outros,- IPAUMIRIM
Cocalinho,SAO LUIZ LTDA -,MEGA SAO LUIZ,88.5,19/05/2026,alimentos,SAO LUIZ LTDA - COCALINHO
Cocalinho,SAO LUIZ LTDA -,MEGA SAO LUIZ,87.15,19/05/2026,alimentos,SAO LUIZ LTDA - COCALINHO
Luís Gomes,LTDA -,CASA DAS EMBALAGENS,960.0,19/05/2026,alimentos,LTDA - LUIS GOMES
Fortaleza,LTDA -  DE ALIMENTO,GV DA SILVEIRA DISTRIBUIDORA DE ALIMENTO,1313.75,19/05/2026,alimentos,LTDA - FORTALEZA DE ALIMENTO
Ipaumirim,RONICLEI MARTINS DUARTE,RONICLEI MARTINS DUARTE,280.0,19/05/2026,pessoa_fisica,- IPAUMIRIM
Luís Gomes,FREITAS LTDA -,LOJA FREITAS,730.0,19/05/2026,outros,FREITAS LTDA - LUIS GOMES
Não identificada,GOMES VAREJISTA,SUPERMECADO AVENIDA COMERCIO VAREJISTA,1811.76,19/05/2026,alimentos,GOMES VAREJISTA
Luís Gomes,LTDA -,DIVEX EQUIPAMENTOS,199.0,19/05/2026,servicos,LTDA - LUIS GOMES
Luís Gomes,REGINALDO SENA DE MEDEIROS,REGINALDO SENA DE MEDEIROS,351.0,19/05/2026,outros,- LUIS GOMES
Não identificada,CARNES LTDA,QUALISU INDUSTRIA DE CARNES LTDA,15048.5,19/05/2026,alimentos,CARNES LTDA
Cocalinho,SAO LUIZ LTDA -,MEGA SAO LUIZ,391.15,19/05/2026,alimentos,SAO LUIZ LTDA - COCALINHO
Ipaumirim,LTDA -,GRAFICA E PAPELARIA,214.8,19/05/2026,outros,LTDA - IPAUMIRIM
Luís Gomes,BORACHARIA SÃO FRANCISCO,BORACHARIA SÃO FRANCISCO,50.0,19/05/2026,pessoa_fisica,- LUIS GOMES
Não identificada,DE ALIMENTO,GV DA SILVEIRA DISTRIBUIDORA DE ALIMENTO,4186.33,19/05/2026,alimentos,DE ALIMENTO
Não identificada,BARATAO LTDA,DSB-DISTRIBUIDORA SUPER BARATAO LTDA,3135.3,19/05/2026,alimentos,BARATAO LTDA
Não identificada,DE ALIMENTOS LTDA,SOLMAR DISTRIBUIDORA DE ALIMENTOS LTDA,4064.99,19/05/2026,alimentos,DE ALIMENTOS LTDA
Não identificada,LTDAGRANDE,CENTRAL DE EMBALAGENS LTDA,440.35,19/05/2026,alimentos,LTDAGRANDE
Luís Gomes,ZARUR LTDA -,POSTO ZARUR,200.0,19/05/2026,combustivel,ZARUR LTDA - LUIS GOMES
Luís Gomes,ZARUR LTDA -,POSTO ZARUR,200.0,19/05/2026,combustivel,ZARUR LTDA - LUIS GOMES
Maranguape,CAROAINDUSTRIAL LTDA -,CAROA,2350.5,19/05/2026,outros,CAROAINDUSTRIAL LTDA - MARANGUAPE
Não identificada,DE FATIMA,POSTO NOSSA SENHORA DE FATIMA,220.13,19/05/2026,combustivel,DE FATIMA
Ipaumirim,INDUSTRIAL LTDA -,CAGEPA,54.82,19/05/2026,outros,INDUSTRIAL LTDA - IPAUMIRIM
Ipaumirim,COMBUSTIVELLTDA -,FENIX COMBUSTIVEL,99.0,19/05/2026,combustivel,COMBUSTIVELLTDA - IPAUMIRIM
Luís Gomes,INDUSTRIAL LTDA -,EBAZAR.COM.BR.LTDA,165.3,19/05/2026,servicos,INDUSTRIAL LTDA - LUIS GOMES
Luís Gomes,INDUSTRIAL LTDA -,EBAZAR.COM.BR.LTDA,165.3,19/05/2026,servicos,INDUSTRIAL LTDA - LUIS GOMES
Maranguape,PROGRESSOLTDA -,POSTO PROGRESSO,261.63,19/05/2026,combustivel,PROGRESSOLTDA - MARANGUAPE
Maranguape,CASA     LTDA -,LOBOS CASA,60.0,19/05/2026,outros,CASA     LTDA - MARANGUAPE
Não identificada,LTDA GRANDE,POSTO KATIA LOCATELLI LTDA,200.0,19/05/2026,combustivel,LTDA GRANDE
Não identificada,LTDA GRANDE,POSTO KATIA LOCATELLI LTDA,200.0,19/05/2026,combustivel,LTDA GRANDE
Luís Gomes,ZARUR LTDA -,POSTO ZARUR,200.0,19/05/2026,combustivel,ZARUR LTDA - LUIS GOMES
Maranguape,ENERGIA SA LTDA -,COPA ENERGIA SA,4074.22,19/05/2026,energia,ENERGIA SA LTDA - MARANGUAPE
Maranguape,LTDA LTDA -,A M DIESEL LTDA,257.69,19/05/2026,combustivel,LTDA LTDA - MARANGUAPE
Maranguape,LTDA LTDA -,A M DIESEL LTDA,257.69,19/05/2026,combustivel,LTDA LTDA - MARANGUAPE
Maranguape,BRASIL LTDA -,POSTO BRASIL,402.49,19/05/2026,combustivel,BRASIL LTDA - MARANGUAPE
Luís Gomes,INDUSTRIAL LTDA -,EBAZAR.COM.BR.LTDA,279.6,19/05/2026,servicos,INDUSTRIAL LTDA - LUIS GOMES
Luís Gomes,LTDA -,LINKPAR AUTOMACAO,158.5,19/05/2026,outros,LTDA - LUIS GOMES
Luís Gomes,29.077.317 VALDIRENE APARECIDA,29.077.317 VALDIRENE APARECIDA,199.8,19/05/2026,outros,- LUIS GOMES
Luís Gomes,LTDA -,ORGANY METAIS LTDA,179.97,19/05/2026,outros,LTDA - LUIS GOMES
Não identificada,GOMES,EVOLUTION COMERCIO DE COMPONENTES,19.0,19/05/2026,outros,GOMES
Cocalinho,LTDA -,TIAGO DA MATA COUTINHO,1350.0,19/05/2026,outros,LTDA - COCALINHO
Cocalinho,LTDA -,AUTO POSTO KARAJAS,250.0,19/05/2026,combustivel,LTDA - COCALINHO
Fortaleza,SEFAZINDUSTRIAL LTDA -,SEFAZ,425.42,19/05/2026,outros,SEFAZINDUSTRIAL LTDA - FORTALEZA
Não identificada,LTDA GRANDE,POSTO KATIA LOCATELLI LTDA,200.0,19/05/2026,combustivel,LTDA GRANDE
